id_ingrediente,id_nutriente,quantidade
4,1,1955.0
6,1,1853.95
11,1,2500.0
12,1,2188.6
13,1,4500.0
16,1,1700.0
17,1,16500.0
18,1,700.0
19,1,38100.0
20,1,3550.0
21,1,2150.0
22,1,2900.0
23,1,2640.0
24,1,67459.5
26,1,5350.0
32,1,1528.0
33,1,605.5
37,1,1300.0
38,1,9250.0
39,1,470.0
40,1,7300.0
41,1,1149.0
42,1,6300.0
43,1,15191.3
47,1,6437.5
48,1,1710.0
49,1,1500.0
53,1,1435.0
54,1,2800.0
56,1,1195.0
57,1,855.0
59,1,5700.0
61,1,16000.0
63,1,9515.0
64,1,1597.75
65,1,2196.85
66,1,1766.5
67,1,20219.0
68,1,8550.0
69,1,900.0
70,1,7100.0
74,1,2500.0
76,1,2600.0
79,1,2190.0
81,1,1300.0
82,1,2500.0
85,1,10550.0
86,1,37290.0
88,1,4150.0
91,1,7900.0
92,1,3000.0
95,1,2650.0
98,1,940.0
99,1,3652.0
100,1,14700.0
101,1,4700.0
105,1,1870.5
106,1,894.5
108,1,11500.0
112,1,2064.7
113,1,5400.0
115,1,2150.0
118,1,28400.0
119,1,3971.6
120,1,3300.0
121,1,35500.0
122,1,4297.5
124,1,10697.0
125,1,1200.0
128,1,1750.0
129,1,1350.0
130,1,46250.0
131,1,2810.9
132,1,650.0
133,1,600.0
135,1,1300.0
137,1,24000.0
140,1,51868.5
141,1,1089.1
142,1,3245.0
144,1,2160.0
146,1,2550.0
147,1,2462.15
148,1,48550.0
149,1,943.0
150,1,2460.0
151,1,1950.0
152,1,1749.4
153,1,2650.0
154,1,3300.0
156,1,723.0
157,1,2680.75
158,1,1050.0
159,1,16071.9
162,1,1700.0
164,1,4700.0
165,1,13800.0
167,1,4075.0
169,1,2300.0
170,1,4800.0
174,1,1950.0
175,1,500.0
178,1,2487.1
179,1,14500.0
180,1,9000.0
181,1,2780.0
182,1,7438.0
183,1,7474.0
184,1,30500.0
186,1,6738.5
192,1,3000.0
193,1,31000.0
198,1,571.15
199,1,2300.0
200,1,1214.7
205,1,3252.95
206,1,4200.0
284,1,7075.0
288,1,3850.0
289,1,2770.5
291,1,350.0
312,1,1770.0
318,1,383.5
320,1,57972.2
322,1,234.25
326,1,900.0
328,1,1100.0
330,1,2193.0
331,1,800.0
332,1,4052.0
337,1,900.0
338,1,1227.5
341,1,38870.0
345,1,2977.75
346,1,18350.0
360,1,4090.0
368,1,8100.0
372,1,2701.0
386,1,334.1
387,1,1200.0
389,1,610.0
392,1,477.5
394,1,1142.5
399,1,2948.0
408,1,10301.5
409,1,2323.75
410,1,3463.75
411,1,3000.0
416,1,2900.0
417,1,319.5
422,1,1766.75
437,1,761.5
441,1,62851.75
442,1,3063.75
445,1,2600.0
448,1,3680.0
455,1,1067.5
457,1,5550.0
467,1,2057.5
468,1,2550.0
488,1,1300.0
499,1,5650.0
502,1,4650.0
503,1,2100.0
510,1,2614.0
518,1,2926.0
519,1,600.0
520,1,20000.0
521,1,5985.0
536,1,74450.0
553,1,1846.1
558,1,725.0
802,1,64000.0
813,1,4429.0
881,1,1732.45
4,2,1000.0
5,2,1600.0
6,2,8647.0
7,2,1900.0
8,2,16800.0
11,2,15300.0
12,2,400.0
13,2,20000.0
16,2,25800.0
17,2,1530.0
18,2,7700.0
19,2,22770.0
20,2,23072.5
21,2,1900.0
22,2,13900.0
23,2,1000.0
24,2,15000.0
25,2,1610.0
26,2,1800.0
28,2,1000.0
31,2,2400.0
32,2,3300.0
33,2,1700.0
34,2,2400.0
36,2,600.0
37,2,7200.0
38,2,19600.0
39,2,2360.0
40,2,900.0
41,2,700.0
42,2,16180.0
43,2,19770.0
44,2,9200.0
45,2,2000.0
47,2,20400.0
48,2,1300.0
49,2,1400.0
53,2,700.0
54,2,400.0
55,2,760.0
56,2,500.0
57,2,500.0
58,2,14600.0
59,2,9900.0
61,2,12400.0
63,2,11430.0
64,2,800.0
65,2,500.0
66,2,400.0
67,2,17810.0
68,2,7830.0
69,2,400.0
70,2,1820.0
71,2,3300.0
245,2,1000.0
73,2,580.0
74,2,10760.0
76,2,400.0
79,2,6600.0
81,2,3300.0
82,2,15800.0
83,2,500.0
85,2,35800.0
86,2,19900.0
88,2,9200.0
91,2,2600.0
92,2,1300.0
95,2,1300.0
97,2,7610.0
98,2,25100.0
99,2,2800.0
100,2,20000.0
101,2,25000.0
103,2,800.0
105,2,500.0
106,2,500.0
108,2,29300.0
112,2,3290.0
113,2,3750.0
115,2,5300.0
117,2,1440.0
118,2,5800.0
119,2,22980.0
120,2,16302.7
121,2,1000.0
122,2,12660.0
124,2,9000.0
125,2,13400.0
126,2,12100.0
127,2,18000.0
128,2,2200.0
129,2,2100.0
130,2,1900.0
131,2,2300.0
132,2,11900.0
133,2,6840.0
135,2,2000.0
137,2,17600.0
138,2,13700.0
140,2,20600.0
141,2,5900.0
142,2,1300.0
144,2,500.0
145,2,1060.0
146,2,1000.0
147,2,500.0
148,2,20500.0
149,2,500.0
150,2,900.0
151,2,1000.0
152,2,300.0
153,2,800.0
154,2,900.0
156,2,200.0
157,2,900.0
158,2,1700.0
159,2,4880.0
161,2,2400.0
162,2,830.0
164,2,2000.0
165,2,10630.0
167,2,6730.0
169,2,8800.0
170,2,21900.0
171,2,4300.0
174,2,900.0
175,2,4900.0
177,2,11300.0
178,2,2100.0
179,2,5970.0
180,2,2800.0
181,2,3000.0
182,2,2028.5
183,2,9110.0
184,2,7450.0
186,2,23000.0
192,2,390.0
193,2,700.0
194,2,200.0
195,2,60.0
198,2,10000.0
199,2,25210.0
200,2,3000.0
203,2,810.0
205,2,6800.0
206,2,1800.0
208,2,1300.0
224,2,1310.0
234,2,650.0
237,2,1800.0
241,2,1900.0
242,2,13680.0
243,2,12300.0
246,2,13050.0
252,2,1500.0
256,2,900.0
268,2,300.0
270,2,12000.0
274,2,5000.0
275,2,7400.0
280,2,17100.0
281,2,1500.0
282,2,400.0
283,2,6150.0
284,2,800.0
285,2,540.0
286,2,18290.0
287,2,35100.0
288,2,6090.0
289,2,2460.0
290,2,5330.0
291,2,4240.0
293,2,17960.0
294,2,18600.0
295,2,15310.0
296,2,19440.0
297,2,16100.0
298,2,2600.0
299,2,17730.0
301,2,6200.0
302,2,69860.0
305,2,15500.0
307,2,11900.0
308,2,23330.0
309,2,20040.0
311,2,400.0
312,2,1070.0
314,2,3170.0
317,2,16400.0
318,2,390.0
319,2,17280.0
320,2,24900.0
321,2,1000.0
322,2,620.0
323,2,700.0
325,2,500.0
326,2,4620.0
327,2,17830.0
328,2,1400.0
329,2,16380.0
330,2,800.0
331,2,1700.0
332,2,2200.0
333,2,16540.0
336,2,4200.0
337,2,1400.0
338,2,3360.0
339,2,18990.0
340,2,13500.0
341,2,6400.0
344,2,16400.0
345,2,2000.0
346,2,40960.0
347,2,23850.0
349,2,1100.0
350,2,17780.0
351,2,18990.0
352,2,16240.0
354,2,11700.0
355,2,2000.0
356,2,18500.0
357,2,17540.0
360,2,1470.0
362,2,18440.0
363,2,500.0
366,2,4600.0
367,2,20350.0
368,2,2420.0
369,2,16400.0
370,2,4710.0
371,2,18480.0
372,2,4320.0
374,2,600.0
375,2,12400.0
376,2,900.0
377,2,19380.0
379,2,25000.0
380,2,18560.0
381,2,14900.0
386,2,2100.0
387,2,1510.0
388,2,23190.0
389,2,1720.0
390,2,5250.0
392,2,2100.0
393,2,1200.0
394,2,4650.0
395,2,2200.0
396,2,1680.0
397,2,20280.0
398,2,1100.0
399,2,4200.0
400,2,17100.0
402,2,19800.0
403,2,17660.0
404,2,16520.0
405,2,1500.0
406,2,15410.0
408,2,36170.0
409,2,1800.0
410,2,500.0
411,2,410.0
412,2,5800.0
413,2,20530.0
414,2,14480.0
416,2,22940.0
417,2,1340.0
418,2,19350.0
422,2,1500.0
423,2,1320.0
424,2,16640.0
425,2,12300.0
426,2,380.0
427,2,2000.0
432,2,16390.0
434,2,18360.0
437,2,800.0
439,2,19000.0
440,2,10800.0
441,2,11570.0
442,2,800.0
444,2,1300.0
445,2,2600.0
448,2,2620.0
449,2,700.0
450,2,14120.0
453,2,17630.0
454,2,18400.0
455,2,600.0
456,2,4500.0
457,2,960.0
458,2,16410.0
459,2,13410.0
460,2,20500.0
461,2,20140.0
462,2,21620.0
463,2,21310.0
464,2,18280.0
465,2,19840.0
466,2,850.0
467,2,3300.0
468,2,440.0
470,2,19290.0
471,2,20860.0
472,2,12060.0
473,2,18880.0
474,2,13000.0
475,2,22900.0
476,2,82600.0
477,2,28400.0
478,2,16740.0
479,2,1280.0
480,2,16930.0
481,2,20980.0
482,2,22250.0
484,2,20210.0
485,2,12140.0
487,2,20510.0
488,2,1000.0
489,2,14570.0
490,2,5920.0
494,2,16140.0
495,2,16760.0
497,2,19400.0
498,2,19660.0
499,2,380.0
500,2,13300.0
501,2,17500.0
502,2,960.0
503,2,1200.0
504,2,20300.0
506,2,21000.0
507,2,19140.0
508,2,12190.0
509,2,4800.0
510,2,400.0
511,2,23840.0
513,2,11000.0
514,2,21700.0
515,2,18300.0
516,2,14730.0
517,2,2600.0
518,2,6950.0
519,2,1500.0
520,2,720.0
521,2,1460.0
522,2,24400.0
523,2,23140.0
524,2,19100.0
525,2,26530.0
526,2,18700.0
527,2,20600.0
530,2,56190.0
531,2,11100.0
532,2,20600.0
534,2,2950.0
535,2,22960.0
536,2,7910.0
537,2,18860.0
538,2,18100.0
540,2,22200.0
542,2,23300.0
544,2,14670.0
545,2,15580.0
546,2,16800.0
547,2,14600.0
548,2,18100.0
549,2,58000.0
550,2,57000.0
551,2,4200.0
552,2,14700.0
553,2,2800.0
555,2,19630.0
556,2,990.0
558,2,980.0
559,2,2300.0
560,2,480.0
562,2,2240.0
563,2,5810.0
564,2,3030.0
565,2,2660.0
566,2,330.0
567,2,3310.0
568,2,9250.0
569,2,1940.0
570,2,4550.0
571,2,18510.0
572,2,2300.0
573,2,520.0
575,2,16200.0
577,2,520.0
578,2,1180.0
579,2,5500.0
580,2,13400.0
581,2,18100.0
582,2,16700.0
583,2,2900.0
584,2,12900.0
585,2,29600.0
586,2,4000.0
587,2,22900.0
588,2,18000.0
589,2,19100.0
590,2,19900.0
591,2,18000.0
592,2,16400.0
593,2,21400.0
594,2,16500.0
595,2,21600.0
596,2,19100.0
597,2,17100.0
598,2,18700.0
599,2,9800.0
600,2,19800.0
602,2,19700.0
604,2,18500.0
606,2,7800.0
608,2,700.0
609,2,19200.0
610,2,15200.0
611,2,23500.0
612,2,19400.0
613,2,3300.0
614,2,23400.0
615,2,2300.0
616,2,7900.0
617,2,16000.0
618,2,18700.0
619,2,16000.0
622,2,14300.0
624,2,23900.0
625,2,26300.0
630,2,4300.0
631,2,12400.0
632,2,3500.0
633,2,81100.0
634,2,3000.0
638,2,1760.0
640,2,600.0
641,2,3500.0
643,2,300.0
644,2,2300.0
645,2,400.0
647,2,100.0
648,2,100.0
649,2,200.0
651,2,8700.0
653,2,2100.0
654,2,4300.0
655,2,8600.0
656,2,6100.0
660,2,2700.0
662,2,600.0
663,2,11000.0
664,2,1100.0
667,2,500.0
669,2,2900.0
670,2,500.0
671,2,10700.0
672,2,7100.0
673,2,5000.0
674,2,13000.0
677,2,17000.0
679,2,15000.0
680,2,88200.0
681,2,600.0
682,2,5200.0
683,2,5200.0
684,2,86900.0
687,2,2000.0
691,2,5400.0
692,2,1600.0
695,2,300.0
697,2,1100.0
698,2,7000.0
699,2,6600.0
700,2,12700.0
702,2,4400.0
704,2,5000.0
707,2,16200.0
709,2,5700.0
710,2,3600.0
711,2,36200.0
712,2,3600.0
713,2,3500.0
714,2,3300.0
716,2,6300.0
717,2,10500.0
718,2,7800.0
721,2,10100.0
722,2,24600.0
723,2,20080.0
724,2,1100.0
725,2,6470.0
726,2,19800.0
728,2,6480.0
729,2,15130.0
732,2,8860.0
733,2,5700.0
734,2,8050.0
736,2,1290.0
738,2,6840.0
739,2,4900.0
740,2,4530.0
742,2,9940.0
743,2,2520.0
744,2,12940.0
745,2,7700.0
746,2,7790.0
747,2,6030.0
748,2,430.0
749,2,4410.0
750,2,300.0
751,2,3240.0
752,2,13310.0
753,2,6690.0
755,2,6540.0
756,2,3120.0
757,2,6080.0
758,2,300.0
759,2,2760.0
760,2,6470.0
761,2,3100.0
762,2,15840.0
763,2,500.0
764,2,60.0
765,2,12760.0
766,2,12290.0
768,2,9000.0
769,2,11270.0
770,2,9200.0
771,2,190.0
772,2,6670.0
773,2,15050.0
774,2,4940.0
775,2,10600.0
776,2,900.0
777,2,5910.0
781,2,3000.0
783,2,2000.0
786,2,1780.0
787,2,7700.0
788,2,200.0
789,2,300.0
791,2,420.0
792,2,2640.0
795,2,13830.0
796,2,17300.0
803,2,7100.0
804,2,260.0
805,2,4200.0
807,2,1900.0
810,2,5210.0
813,2,560.0
814,2,440.0
815,2,17720.0
816,2,2480.0
817,2,8060.0
819,2,5030.0
820,2,6280.0
822,2,7100.0
823,2,290.0
824,2,6810.0
825,2,8470.0
826,2,3400.0
829,2,9100.0
830,2,8770.0
831,2,10020.0
834,2,9060.0
835,2,7400.0
836,2,8300.0
837,2,5700.0
838,2,10400.0
839,2,12500.0
840,2,7000.0
841,2,7650.0
842,2,13360.0
843,2,8900.0
844,2,9420.0
845,2,7900.0
846,2,9800.0
848,2,13800.0
849,2,120.0
851,2,2100.0
852,2,7500.0
853,2,100.0
855,2,3050.0
856,2,4140.0
858,2,5590.0
859,2,11310.0
860,2,5480.0
861,2,3800.0
862,2,9070.0
863,2,7900.0
864,2,10990.0
866,2,6500.0
867,2,12600.0
869,2,2390.0
870,2,4130.0
871,2,7910.0
872,2,500.0
874,2,4860.0
876,2,2030.0
877,2,2870.0
881,2,9510.25
4,3,10900.0
5,3,8100.0
6,3,43560.0
7,3,5500.0
8,3,62800.0
11,3,29700.0
12,3,12800.0
13,3,43900.0
16,3,8400.0
17,3,17340.0
18,3,13000.0
19,3,50220.0
20,3,19966.5
21,3,2400.0
22,3,57600.0
23,3,3900.0
24,3,8500.0
25,3,9560.0
26,3,3060.0
28,3,5700.0
31,3,2500.0
32,3,5000.0
33,3,2600.0
34,3,3900.0
36,3,4700.0
37,3,23880.0
38,3,6300.0
39,3,4890.0
40,3,4900.0
41,3,9900.0
42,3,34290.0
43,3,49900.0
44,3,4300.0
45,3,33900.0
47,3,49400.0
48,3,300.0
49,3,3600.0
53,3,7700.0
54,3,8600.0
55,3,9620.0
56,3,13700.0
57,3,49000.0
58,3,40200.0
59,3,68900.0
61,3,13000.0
63,3,65370.0
64,3,7300.0
65,3,16500.0
66,3,24700.0
67,3,44240.0
68,3,64930.0
69,3,13400.0
70,3,25310.0
71,3,5100.0
245,3,8500.0
73,3,18590.0
74,3,68470.0
76,3,10400.0
79,3,76100.0
81,3,54600.0
82,3,12500.0
83,3,52800.0
85,3,17400.0
86,3,14400.0
88,3,64400.0
91,3,3140.0
92,3,14300.0
95,3,2700.0
97,3,74970.0
98,3,48900.0
99,3,1200.0
101,3,18100.0
103,3,15200.0
105,3,59000.0
106,3,14100.0
112,3,8410.0
113,3,14890.0
115,3,3290.0
117,3,9800.0
118,3,28500.0
119,3,47750.0
120,3,56550.0
121,3,3000.0
122,3,60560.0
124,3,68920.0
125,3,28700.0
126,3,71800.0
127,3,13700.0
128,3,13000.0
129,3,10100.0
130,3,6500.0
131,3,8000.0
132,3,38050.0
133,3,20170.0
135,3,74900.0
137,3,50020.0
138,3,9400.0
140,3,17700.0
141,3,7700.0
142,3,3430.0
144,3,14900.0
145,3,16010.0
146,3,12180.0
147,3,8600.0
148,3,20300.0
149,3,16900.0
150,3,6100.0
151,3,16600.0
152,3,15800.0
153,3,1200.0
154,3,3000.0
156,3,59000.0
157,3,6900.0
158,3,900.0
159,3,64060.0
161,3,8600.0
162,3,23360.0
164,3,300.0
165,3,60730.0
167,3,68730.0
169,3,62300.0
170,3,8600.0
171,3,14500.0
174,3,2600.0
175,3,39400.0
177,3,74630.0
178,3,900.0
179,3,65530.0
180,3,57400.0
181,3,6100.0
182,3,57983.25
183,3,63940.0
184,3,47950.0
186,3,58350.0
192,3,12200.0
193,3,8700.0
194,3,36500.0
195,3,12650.0
198,3,18800.0
199,3,58990.0
200,3,4100.0
203,3,13930.0
205,3,75500.0
206,3,15800.0
208,3,17400.0
224,3,15140.0
234,3,20870.0
237,3,2100.0
241,3,6500.0
242,3,71130.0
243,3,80700.0
246,3,72130.0
252,3,1200.0
256,3,8400.0
268,3,8600.0
270,3,61900.0
274,3,26900.0
275,3,71300.0
277,3,500.0
280,3,6010.0
281,3,17600.0
282,3,7690.0
283,3,40750.0
284,3,10420.0
285,3,6750.0
287,3,33900.0
288,3,72120.0
289,3,4020.0
290,3,20230.0
291,3,13390.0
293,3,9640.0
298,3,3200.0
301,3,33500.0
302,3,2000.0
307,3,3690.0
312,3,27120.0
314,3,2850.0
318,3,3610.0
320,3,12050.0
321,3,11690.0
322,3,3390.0
323,3,4070.0
325,3,13630.0
326,3,88880.0
328,3,36300.0
329,3,8040.0
330,3,2800.0
331,3,15400.0
332,3,1700.0
333,3,42120.0
336,3,49070.0
337,3,23940.0
338,3,3020.0
340,3,4700.0
341,3,11300.0
344,3,1500.0
345,3,3600.0
346,3,40540.0
347,3,59640.0
349,3,12300.0
350,3,7540.0
352,3,820.0
355,3,3200.0
360,3,27090.0
363,3,43000.0
366,3,31680.0
368,3,45540.0
370,3,19220.0
372,3,37600.0
374,3,14900.0
376,3,5900.0
379,3,1800.0
380,3,1810.0
381,3,21100.0
386,3,9190.0
387,3,12290.0
389,3,23250.0
390,3,81430.0
392,3,11500.0
393,3,20230.0
394,3,5800.0
395,3,2200.0
396,3,9570.0
398,3,9600.0
399,3,7300.0
403,3,6000.0
405,3,7700.0
406,3,64470.0
408,3,40380.0
409,3,3400.0
410,3,12500.0
411,3,17910.0
412,3,22600.0
416,3,61520.0
417,3,16310.0
422,3,2500.0
423,3,3330.0
426,3,6840.0
427,3,3800.0
432,3,2800.0
437,3,33500.0
439,3,4300.0
440,3,3980.0
441,3,19300.0
442,3,7490.0
444,3,29600.0
445,3,3700.0
448,3,35670.0
449,3,6000.0
450,3,64160.0
455,3,5700.0
456,3,57000.0
457,3,11310.0
464,3,4300.0
466,3,10050.0
467,3,18600.0
468,3,19960.0
471,3,540.0
472,3,3180.0
475,3,1400.0
477,3,2900.0
479,3,6730.0
481,3,6390.0
485,3,58260.0
488,3,16840.0
489,3,70190.0
490,3,2420.0
499,3,27230.0
500,3,73130.0
502,3,5840.0
503,3,4350.0
504,3,2800.0
506,3,1000.0
509,3,23540.0
510,3,3000.0
511,3,7760.0
513,3,5100.0
514,3,4890.0
516,3,74900.0
517,3,8100.0
518,3,4310.0
519,3,23800.0
520,3,8820.0
521,3,23630.0
526,3,10900.0
531,3,200.0
532,3,2430.0
534,3,18830.0
536,3,13820.0
544,3,3570.0
545,3,3080.0
546,3,800.0
547,3,1200.0
549,3,800.0
550,3,3500.0
551,3,9900.0
552,3,70380.0
553,3,8350.0
556,3,22310.0
558,3,12920.0
559,3,23900.0
560,3,6750.0
562,3,6790.0
563,3,5110.0
564,3,9140.0
565,3,7810.0
566,3,7440.0
567,3,6090.0
568,3,73010.0
569,3,6970.0
570,3,5540.0
572,3,6500.0
573,3,5640.0
575,3,24900.0
577,3,16230.0
578,3,5140.0
580,3,10000.0
583,3,1700.0
584,3,800.0
586,3,27500.0
587,3,1100.0
590,3,3500.0
598,3,300.0
600,3,300.0
606,3,4200.0
608,3,17100.0
609,3,500.0
610,3,17800.0
613,3,15300.0
615,3,70000.0
616,3,49700.0
617,3,2000.0
619,3,5310.0
622,3,10600.0
625,3,1700.0
630,3,24700.0
631,3,1000.0
632,3,4900.0
633,3,7800.0
634,3,3800.0
638,3,6190.0
640,3,100.0
641,3,23600.0
643,3,82000.0
644,3,82700.0
645,3,600.0
647,3,11100.0
648,3,5200.0
649,3,1300.0
650,3,10000.0
651,3,55900.0
653,3,71400.0
654,3,54600.0
655,3,20900.0
656,3,4000.0
660,3,34900.0
662,3,83700.0
663,3,47400.0
664,3,100.0
667,3,600.0
669,3,4500.0
670,3,99800.0
671,3,18000.0
672,3,2900.0
673,3,16800.0
674,3,2300.0
677,3,15800.0
679,3,33300.0
680,3,500.0
681,3,65700.0
682,3,37800.0
683,3,79100.0
685,3,30.0
687,3,6600.0
691,3,12900.0
692,3,12800.0
695,3,76700.0
697,3,15200.0
698,3,54500.0
699,3,78600.0
700,3,25200.0
702,3,64800.0
707,3,64700.0
709,3,62400.0
710,3,9900.0
711,3,52000.0
712,3,4500.0
713,3,4500.0
714,3,8400.0
716,3,7400.0
717,3,18100.0
718,3,1400.0
721,3,74200.0
722,3,4000.0
724,3,63200.0
725,3,72050.0
728,3,32920.0
729,3,29890.0
732,3,19850.0
733,3,44640.0
734,3,32150.0
736,3,12410.0
738,3,55350.0
739,3,52540.0
740,3,22780.0
742,3,29500.0
743,3,4620.0
744,3,77900.0
745,3,52800.0
746,3,65560.0
747,3,63010.0
748,3,7410.0
749,3,7850.0
750,3,85900.0
751,3,13470.0
752,3,31840.0
753,3,48260.0
755,3,13840.0
756,3,5100.0
757,3,27810.0
758,3,90400.0
759,3,19740.0
760,3,42980.0
761,3,2300.0
762,3,6400.0
763,3,5000.0
764,3,15700.0
765,3,77430.0
766,3,75870.0
768,3,71400.0
769,3,24600.0
770,3,75000.0
771,3,88690.0
772,3,18420.0
773,3,24040.0
774,3,15710.0
775,3,18400.0
776,3,22400.0
777,3,17510.0
781,3,18400.0
783,3,18600.0
786,3,7560.0
787,3,46000.0
788,3,42000.0
789,3,46200.0
791,3,8510.0
792,3,13660.0
795,3,2900.0
796,3,25350.0
803,3,52600.0
804,3,20690.0
805,3,65200.0
807,3,34000.0
809,3,6670.0
810,3,34380.0
811,3,74730.0
813,3,22790.0
814,3,5900.0
815,3,14360.0
816,3,13640.0
817,3,14060.0
819,3,19590.0
820,3,18120.0
822,3,81100.0
823,3,10980.0
824,3,10040.0
825,3,62530.0
826,3,13400.0
829,3,55700.0
830,3,35820.0
831,3,50500.0
834,3,72220.0
835,3,32100.0
836,3,51000.0
837,3,38800.0
838,3,39800.0
839,3,47070.0
840,3,69500.0
841,3,79090.0
842,3,43340.0
843,3,43500.0
844,3,56380.0
845,3,52300.0
846,3,57900.0
848,3,44900.0
851,3,9200.0
852,3,79050.0
853,3,10200.0
855,3,21150.0
856,3,16070.0
858,3,31490.0
859,3,31190.0
860,3,37140.0
862,3,7410.0
863,3,80020.0
864,3,27450.0
866,3,17700.0
867,3,73100.0
869,3,76440.0
870,3,59510.0
871,3,54400.0
872,3,400.0
874,3,20120.0
876,3,25970.0
877,3,10780.0
881,3,38583.45
4,4,800.0
5,4,300.0
7,4,400.0
8,4,800.0
11,4,46400.0
12,4,100.0
13,4,4400.0
16,4,49200.0
17,4,150.0
18,4,700.0
19,4,7240.0
21,4,300.0
22,4,6400.0
23,4,300.0
24,4,65000.0
25,4,170.0
26,4,700.0
28,4,100.0
31,4,400.0
32,4,500.0
33,4,100.0
34,4,400.0
36,4,100.0
37,4,1640.0
38,4,2000.0
39,4,860.0
40,4,100.0
41,4,300.0
42,4,100000.0
43,4,14590.0
44,4,72000.0
45,4,2700.0
47,4,6900.0
48,4,200.0
49,4,300.0
53,4,200.0
54,4,300.0
55,4,40.0
56,4,300.0
57,4,300.0
58,4,15400.0
61,4,17800.0
63,4,5850.0
64,4,200.0
65,4,500.0
66,4,100.0
67,4,22270.0
68,4,9880.0
69,4,100.0
70,4,490.0
71,4,200.0
245,4,200.0
73,4,190.0
74,4,6700.0
76,4,200.0
79,4,2000.0
81,4,900.0
82,4,14900.0
83,4,500.0
85,4,18400.0
86,4,100000.0
88,4,3000.0
91,4,200.0
92,4,300.0
95,4,400.0
97,4,8360.0
98,4,2000.0
99,4,500.0
101,4,100000.0
103,4,400.0
105,4,500.0
106,4,500.0
112,4,730.0
113,4,940.0
115,4,690.0
117,4,390.0
118,4,36300.0
119,4,4070.0
121,4,100000.0
122,4,7040.0
124,4,4280.0
125,4,20900.0
126,4,3300.0
127,4,44700.0
128,4,700.0
129,4,500.0
130,4,15700.0
131,4,600.0
133,4,860.0
135,4,500.0
137,4,15900.0
138,4,68400.0
140,4,44400.0
141,4,800.0
142,4,100.0
144,4,100.0
145,4,200.0
146,4,300.0
147,4,300.0
148,4,39100.0
149,4,200.0
150,4,500.0
151,4,300.0
152,4,200.0
153,4,100.0
154,4,300.0
156,4,100.0
157,4,600.0
158,4,200.0
159,4,15220.0
161,4,800.0
162,4,120.0
164,4,700.0
165,4,12750.0
167,4,5910.0
169,4,2300.0
170,4,100000.0
171,4,500.0
174,4,100.0
175,4,18700.0
177,4,3300.0
178,4,500.0
179,4,13000.0
180,4,600.0
181,4,1000.0
183,4,7430.0
186,4,6410.0
192,4,130.0
193,4,500.0
194,4,200.0
195,4,60.0
198,4,1000.0
199,4,1640.0
200,4,200.0
203,4,470.0
205,4,2800.0
206,4,800.0
208,4,300.0
224,4,100.0
234,4,210.0
237,4,200.0
241,4,400.0
242,4,2470.0
243,4,500.0
246,4,2090.0
252,4,200.0
256,4,300.0
270,4,6300.0
274,4,400.0
275,4,11900.0
280,4,760.0
281,4,100.0
282,4,300.0
283,4,23860.0
284,4,100.0
285,4,30.0
286,4,600.0
287,4,12600.0
288,4,8690.0
289,4,330.0
290,4,290.0
291,4,200.0
293,4,9040.0
294,4,13890.0
295,4,1540.0
296,4,980.0
297,4,2700.0
298,4,100.0
299,4,2330.0
301,4,50000.0
302,4,5340.0
305,4,1750.0
307,4,2240.0
308,4,4900.0
309,4,4240.0
311,4,96500.0
312,4,230.0
314,4,490.0
317,4,500.0
318,4,40.0
319,4,8020.0
320,4,56980.0
321,4,100.0
322,4,20.0
323,4,100.0
325,4,1300.0
326,4,650.0
327,4,5600.0
328,4,300.0
329,4,2820.0
330,4,100.0
331,4,600.0
332,4,600.0
333,4,30740.0
336,4,1110.0
337,4,100.0
338,4,560.0
339,4,1910.0
340,4,700.0
341,4,65700.0
344,4,900.0
345,4,400.0
346,4,100000.0
347,4,2070.0
349,4,200.0
350,4,3170.0
351,4,690.0
352,4,700.0
354,4,5300.0
355,4,700.0
356,4,700.0
357,4,4930.0
360,4,5330.0
362,4,11660.0
363,4,500.0
366,4,1800.0
367,4,4840.0
368,4,2260.0
369,4,3000.0
370,4,2750.0
371,4,9470.0
372,4,1680.0
374,4,100.0
375,4,15600.0
376,4,600.0
377,4,1020.0
379,4,10000.0
380,4,1330.0
381,4,49300.0
386,4,200.0
387,4,160.0
388,4,6300.0
389,4,640.0
390,4,1240.0
392,4,600.0
393,4,200.0
394,4,250.0
395,4,900.0
396,4,560.0
397,4,2000.0
398,4,1500.0
399,4,800.0
400,4,1600.0
402,4,200.0
403,4,1060.0
404,4,750.0
405,4,300.0
406,4,1970.0
408,4,9740.0
409,4,300.0
410,4,500.0
411,4,580.0
412,4,2400.0
413,4,6730.0
414,4,1520.0
416,4,1610.0
417,4,100.0
418,4,3790.0
422,4,200.0
423,4,90.0
424,4,910.0
425,4,800.0
426,4,220.0
427,4,100.0
431,4,99320.0
432,4,13880.0
434,4,1340.0
437,4,400.0
439,4,1200.0
440,4,79550.0
441,4,60980.0
442,4,400.0
444,4,400.0
445,4,400.0
448,4,360.0
449,4,500.0
450,4,6070.0
453,4,2420.0
454,4,6700.0
455,4,300.0
456,4,1500.0
457,4,640.0
458,4,700.0
459,4,15300.0
460,4,4400.0
461,4,3770.0
462,4,5930.0
463,4,5610.0
464,4,4320.0
465,4,6340.0
466,4,330.0
467,4,200.0
468,4,1100.0
470,4,6300.0
471,4,10450.0
472,4,490.0
473,4,2730.0
474,4,400.0
475,4,5000.0
476,4,2300.0
477,4,3200.0
478,4,3610.0
479,4,40.0
480,4,13770.0
481,4,4510.0
482,4,2840.0
484,4,2410.0
485,4,4600.0
487,4,1340.0
488,4,300.0
489,4,2430.0
490,4,390.0
494,4,4040.0
495,4,2320.0
497,4,700.0
498,4,6650.0
499,4,140.0
500,4,2380.0
501,4,2310.0
502,4,1020.0
503,4,200.0
504,4,8200.0
506,4,22100.0
507,4,1220.0
508,4,410.0
509,4,630.0
510,4,200.0
511,4,400.0
513,4,4400.0
514,4,3000.0
515,4,600.0
516,4,1080.0
517,4,61000.0
518,4,870.0
519,4,200.0
520,4,90.0
521,4,400.0
522,4,490.0
523,4,5240.0
524,4,600.0
525,4,8080.0
526,4,100000.0
527,4,2400.0
530,4,17900.0
531,4,33100.0
532,4,1510.0
534,4,350.0
535,4,2420.0
536,4,75770.0
537,4,3690.0
538,4,1300.0
540,4,4000.0
542,4,4800.0
544,4,960.0
545,4,1380.0
546,4,1100.0
547,4,500.0
548,4,1600.0
549,4,40300.0
550,4,2600.0
551,4,500.0
552,4,2200.0
553,4,400.0
555,4,12050.0
556,4,120.0
558,4,600.0
559,4,2000.0
560,4,40.0
562,4,490.0
563,4,280.0
564,4,640.0
565,4,290.0
566,4,520.0
567,4,410.0
568,4,730.0
569,4,190.0
570,4,400.0
571,4,4900.0
572,4,700.0
573,4,200.0
574,4,100000.0
575,4,5300.0
577,4,150.0
579,4,1400.0
580,4,13000.0
581,4,800.0
582,4,4000.0
583,4,1300.0
584,4,5700.0
585,4,10300.0
586,4,1200.0
587,4,1800.0
588,4,1000.0
589,4,8900.0
590,4,4300.0
591,4,27700.0
592,4,300.0
593,4,2700.0
594,4,400.0
595,4,3000.0
596,4,7800.0
597,4,1400.0
598,4,1500.0
599,4,14200.0
600,4,16400.0
602,4,1500.0
604,4,1000.0
605,4,100000.0
606,4,1500.0
608,4,300.0
609,4,700.0
610,4,13200.0
611,4,2000.0
612,4,900.0
613,4,200.0
614,4,2600.0
615,4,300.0
616,4,600.0
617,4,1000.0
618,4,1100.0
619,4,4800.0
620,4,100000.0
622,4,100000.0
624,4,13000.0
625,4,1200.0
630,4,5800.0
631,4,44100.0
632,4,1600.0
633,4,200.0
634,4,7700.0
638,4,190.0
640,4,100.0
641,4,11000.0
644,4,6200.0
651,4,32300.0
653,4,20900.0
654,4,10500.0
655,4,6100.0
656,4,3500.0
660,4,13700.0
662,4,300.0
663,4,26500.0
664,4,80000.0
667,4,81400.0
669,4,13500.0
670,4,200.0
671,4,20800.0
672,4,9600.0
673,4,3100.0
674,4,21700.0
677,4,3200.0
679,4,27000.0
680,4,1500.0
681,4,500.0
682,4,1900.0
683,4,900.0
684,4,100.0
687,4,2600.0
691,4,11600.0
692,4,1500.0
695,4,1130.0
697,4,36800.0
698,4,30000.0
699,4,900.0
700,4,13800.0
702,4,16500.0
703,4,99000.0
704,4,99800.0
706,4,100000.0
707,4,3400.0
709,4,29100.0
710,4,500.0
711,4,800.0
712,4,4100.0
713,4,3600.0
714,4,500.0
716,4,40.0
717,4,4600.0
718,4,4200.0
721,4,9700.0
722,4,17900.0
723,4,1700.0
724,4,17600.0
725,4,10980.0
726,4,500.0
728,4,6220.0
729,4,13930.0
732,4,12700.0
733,4,2850.0
734,4,16770.0
736,4,2610.0
738,4,7350.0
739,4,39920.0
740,4,4030.0
742,4,7170.0
743,4,620.0
744,4,4540.0
745,4,32400.0
746,4,23360.0
747,4,28410.0
748,4,650.0
749,4,5530.0
750,4,100.0
751,4,2060.0
752,4,17800.0
753,4,12220.0
755,4,5330.0
756,4,570.0
757,4,14760.0
758,4,300.0
759,4,1700.0
760,4,9700.0
761,4,2400.0
762,4,8900.0
764,4,60.0
765,4,640.0
766,4,1330.0
768,4,13210.0
769,4,11310.0
770,4,1200.0
771,4,20.0
772,4,6850.0
773,4,15250.0
774,4,9710.0
775,4,14840.0
776,4,34000.0
777,4,11560.0
781,4,2400.0
783,4,20900.0
786,4,1260.0
787,4,13500.0
788,4,100.0
789,4,100.0
791,4,50.0
792,4,1760.0
795,4,10900.0
796,4,51450.0
798,4,100000.0
800,4,100000.0
801,4,100000.0
802,4,100000.0
803,4,6000.0
804,4,100000.0
805,4,24900.0
807,4,11000.0
808,4,100000.0
809,4,6670.0
810,4,21880.0
811,4,100.0
813,4,1280.0
814,4,220.0
815,4,11000.0
816,4,1450.0
817,4,13870.0
819,4,1020.0
820,4,6120.0
822,4,4300.0
823,4,70.0
824,4,7560.0
825,4,12900.0
826,4,31800.0
829,4,1200.0
830,4,7890.0
831,4,1620.0
834,4,7160.0
835,4,6100.0
836,4,1200.0
837,4,1300.0
838,4,4400.0
839,4,3130.0
840,4,12200.0
841,4,1750.0
842,4,4230.0
843,4,4600.0
844,4,11580.0
845,4,4400.0
846,4,1500.0
848,4,29400.0
849,4,200.0
851,4,400.0
852,4,7460.0
853,4,20.0
855,4,2700.0
856,4,16000.0
858,4,9010.0
859,4,18370.0
860,4,5380.0
861,4,500.0
862,4,1730.0
863,4,1070.0
864,4,13470.0
866,4,8800.0
867,4,4100.0
869,4,10410.0
870,4,26930.0
871,4,8700.0
872,4,30200.0
874,4,8590.0
876,4,7770.0
877,4,3680.0
4,5,2700.0
5,5,1900.0
7,5,2200.0
8,5,9900.0
11,5,3000.0
12,5,100.0
13,5,11900.0
16,5,7700.0
17,5,3300.0
18,5,7500.0
19,5,7400.0
21,5,1800.0
22,5,11500.0
23,5,2800.0
24,5,5300.0
25,5,2800.0
28,5,2900.0
31,5,2200.0
32,5,4500.0
33,5,3600.0
34,5,3300.0
36,5,2000.0
37,5,5100.0
38,5,55800.0
39,5,3200.0
40,5,1200.0
41,5,2100.0
43,5,38000.0
44,5,9600.0
45,5,6800.0
47,5,12200.0
48,5,3100.0
49,5,900.0
53,5,2800.0
54,5,10600.0
55,5,1000.0
56,5,600.0
57,5,700.0
58,5,19800.0
61,5,41900.0
63,5,3900.0
64,5,900.0
65,5,500.0
66,5,900.0
67,5,10500.0
68,5,21100.0
69,5,1900.0
71,5,5400.0
245,5,800.0
73,5,3600.0
74,5,28000.0
76,5,1700.0
79,5,1900.0
81,5,9300.0
82,5,39800.0
83,5,1200.0
85,5,16600.0
86,5,2700.0
88,5,7600.0
91,5,2100.0
92,5,2700.0
95,5,1300.0
97,5,26300.0
98,5,11200.0
99,5,1600.0
101,5,18000.0
103,5,1300.0
105,5,2200.0
106,5,1900.0
112,5,6800.0
113,5,8000.0
115,5,1900.0
117,5,1700.0
118,5,20800.0
119,5,37700.0
121,5,4300.0
122,5,40300.0
124,5,42500.0
125,5,21000.0
126,5,2000.0
127,5,10000.0
128,5,10400.0
129,5,4500.0
130,5,5200.0
131,5,4300.0
133,5,4900.0
135,5,6400.0
137,5,14600.0
138,5,3700.0
140,5,10300.0
141,5,6600.0
144,5,1500.0
145,5,2100.0
146,5,1600.0
147,5,1600.0
148,5,9200.0
149,5,1200.0
150,5,4900.0
151,5,600.0
152,5,2400.0
153,5,1300.0
154,5,3800.0
156,5,4200.0
157,5,3200.0
158,5,1200.0
159,5,42600.0
162,5,3300.0
164,5,2900.0
165,5,40300.0
167,5,45700.0
169,5,14800.0
170,5,12100.0
171,5,4100.0
174,5,2400.0
175,5,3000.0
177,5,6300.0
178,5,2000.0
179,5,33900.0
180,5,5100.0
181,5,1900.0
183,5,37000.0
186,5,24600.0
192,5,4600.0
193,5,2800.0
194,5,2500.0
198,5,5200.0
199,5,18300.0
200,5,1800.0
203,5,3900.0
205,5,3200.0
206,5,2000.0
208,5,1600.0
224,5,1100.0
234,5,900.0
237,5,1600.0
241,5,2400.0
243,5,15700.0
246,5,14600.0
252,5,1000.0
256,5,1400.0
270,5,8800.0
274,5,2000.0
275,5,3000.0
281,5,5300.0
282,5,1100.0
284,5,1500.0
285,5,500.0
287,5,7900.0
288,5,21600.0
289,5,6700.0
291,5,1300.0
298,5,500.0
312,5,4900.0
314,5,2700.0
320,5,4700.0
321,5,2000.0
322,5,500.0
323,5,1600.0
326,5,39800.0
328,5,1800.0
329,5,700.0
330,5,1700.0
331,5,2300.0
332,5,2000.0
333,5,34400.0
337,5,3000.0
338,5,3000.0
341,5,12600.0
346,5,3000.0
347,5,10700.0
349,5,6700.0
350,5,400.0
355,5,2900.0
360,5,3800.0
363,5,7000.0
368,5,8100.0
370,5,10600.0
372,5,9300.0
374,5,100.0
376,5,4300.0
379,5,200.0
381,5,8200.0
386,5,3300.0
387,5,1300.0
389,5,1500.0
392,5,2600.0
394,5,2000.0
395,5,3400.0
396,5,1300.0
398,5,4400.0
399,5,4000.0
405,5,5300.0
408,5,2800.0
409,5,2100.0
410,5,3000.0
411,5,1800.0
422,5,1500.0
423,5,2200.0
427,5,3200.0
441,5,10700.0
444,5,2300.0
445,5,1700.0
448,5,8000.0
449,5,3600.0
450,5,7000.0
456,5,43000.0
466,5,1900.0
467,5,3300.0
468,5,5300.0
471,5,100.0
488,5,3300.0
489,5,10700.0
490,5,3600.0
499,5,400.0
500,5,8000.0
502,5,1900.0
503,5,1100.0
506,5,300.0
509,5,7800.0
510,5,2900.0
516,5,6200.0
519,5,4100.0
520,5,4900.0
521,5,1500.0
526,5,500.0
531,5,200.0
534,5,5000.0
536,5,8600.0
546,5,400.0
549,5,400.0
552,5,9100.0
553,5,11000.0
556,5,2600.0
558,5,6400.0
559,5,6200.0
562,5,2500.0
563,5,300.0
564,5,500.0
565,5,2700.0
566,5,3800.0
567,5,2300.0
568,5,70100.0
569,5,2700.0
573,5,1500.0
575,5,40200.0
577,5,6600.0
578,5,4500.0
583,5,5000.0
586,5,53100.0
600,5,200.0
608,5,5900.0
610,5,1000.0
613,5,3300.0
615,5,5000.0
616,5,5300.0
619,5,1600.0
622,5,5600.0
631,5,200.0
634,5,500.0
638,5,3400.0
640,5,100.0
641,5,700.0
643,5,200.0
651,5,400.0
653,5,1000.0
654,5,1100.0
655,5,3100.0
660,5,1500.0
662,5,2400.0
663,5,3000.0
664,5,2000.0
669,5,100.0
671,5,5000.0
673,5,3200.0
674,5,200.0
680,5,500.0
681,5,1000.0
682,5,3000.0
683,5,100.0
691,5,3100.0
692,5,400.0
695,5,2600.0
697,5,500.0
698,5,4500.0
700,5,33200.0
702,5,500.0
707,5,7100.0
709,5,900.0
710,5,500.0
716,5,800.0
717,5,5400.0
718,5,1000.0
721,5,2500.0
724,5,900.0
725,5,400.0
728,5,4200.0
729,5,1000.0
732,5,3900.0
733,5,6300.0
734,5,3800.0
736,5,1500.0
739,5,3200.0
742,5,2100.0
743,5,2400.0
744,5,14500.0
745,5,4400.0
746,5,5300.0
747,5,5300.0
748,5,300.0
749,5,900.0
750,5,1600.0
751,5,500.0
753,5,1700.0
755,5,1700.0
756,5,2800.0
757,5,3300.0
758,5,8600.0
759,5,400.0
760,5,2200.0
761,5,200.0
762,5,300.0
764,5,100.0
765,5,5000.0
766,5,18300.0
768,5,4800.0
770,5,2700.0
771,5,900.0
773,5,1700.0
776,5,400.0
781,5,3300.0
783,5,1300.0
787,5,2800.0
788,5,100.0
789,5,1500.0
791,5,1000.0
792,5,400.0
795,5,500.0
796,5,9000.0
803,5,1900.0
805,5,1500.0
807,5,1600.0
810,5,1000.0
813,5,7000.0
814,5,1100.0
815,5,5400.0
816,5,1300.0
817,5,300.0
819,5,3800.0
820,5,3100.0
822,5,4200.0
823,5,3700.0
825,5,7100.0
826,5,500.0
829,5,2200.0
830,5,1800.0
831,5,2200.0
834,5,9200.0
835,5,1100.0
836,5,3000.0
837,5,8600.0
838,5,4500.0
839,5,6300.0
840,5,6500.0
841,5,4600.0
842,5,7400.0
843,5,4900.0
844,5,2300.0
845,5,4300.0
846,5,1800.0
851,5,1700.0
852,5,4000.0
855,5,300.0
856,5,600.0
858,5,5800.0
859,5,2000.0
860,5,2600.0
863,5,19200.0
864,5,1000.0
866,5,1100.0
867,5,2500.0
869,5,1700.0
870,5,5000.0
874,5,4000.0
876,5,1900.0
877,5,1900.0
4,6,5.0
40,6,27.0
631,6,32.0
632,6,2.0
664,6,1.0
692,6,10.0
710,6,2.0
740,6,2.0
755,6,2.0
759,6,2.0
5,7,2.0
16,7,38.0
31,7,1.0
41,7,6.0
54,7,2.0
66,7,4.0
86,7,1.0
101,7,8.0
105,7,5.0
126,7,2.0
140,7,5.0
159,7,59.0
175,7,102.0
177,7,2.0
205,7,2.0
206,7,32.0
270,7,11.0
275,7,1.0
295,7,2.0
302,7,33.0
329,7,1.0
331,7,5.0
333,7,30.0
374,7,3.0
379,7,1.0
380,7,3.0
389,7,4.0
431,7,560.0
434,7,2.0
444,7,2.0
454,7,4.0
458,7,1.0
460,7,3.0
463,7,4.0
464,7,10.0
472,7,1.0
476,7,750.0
498,7,4.0
506,7,12.0
508,7,1.0
514,7,10.0
522,7,1.0
530,7,30.0
535,7,16.0
546,7,1.0
549,7,13.0
619,7,1.0
631,7,17.0
632,7,15.0
633,7,7.0
641,7,48.0
654,7,4.0
655,7,55.0
660,7,22.0
664,7,5.0
669,7,142.0
671,7,239.0
673,7,4.0
692,7,26.0
695,7,23.0
709,7,19.0
710,7,5.0
725,7,9.0
728,7,11.0
729,7,83.0
732,7,60.0
733,7,5.0
734,7,35.0
738,7,68.0
739,7,9.0
740,7,2.0
742,7,3.0
746,7,8.0
749,7,56.0
753,7,32.0
755,7,19.0
757,7,2.0
759,7,12.0
762,7,4.0
773,7,54.0
795,7,21.0
796,7,1.0
816,7,26.0
820,7,39.0
831,7,2.0
834,7,1.0
844,7,2.0
855,7,49.0
856,7,2.0
858,7,3.0
859,7,30.0
860,7,34.0
866,7,25.0
867,7,5.0
870,7,14.0
16,8,38.0
140,8,9.0
175,8,1.0
295,8,1.0
302,8,13.0
329,8,3.0
380,8,2.0
431,8,60.0
434,8,2.0
454,8,5.0
460,8,2.0
476,8,107.0
498,8,1.0
506,8,2.0
508,8,1.0
514,8,20.0
522,8,1.0
546,8,2.0
631,8,3.0
632,8,4.0
654,8,5.0
671,8,30.0
692,8,35.0
710,8,4.0
717,8,22.0
718,8,73.0
732,8,1.0
740,8,4.0
759,8,4.0
858,8,1.0
860,8,1.0
5,9,2.0
16,9,58.0
31,9,2.0
40,9,3.0
42,9,95.0
66,9,3.0
85,9,95.0
86,9,95.0
101,9,57.0
126,9,7.0
148,9,231.0
175,9,3.0
177,9,13.0
179,9,26.0
205,9,114.0
270,9,5.0
274,9,50.0
275,9,34.0
295,9,75.0
329,9,131.0
331,9,28.0
341,9,4.0
346,9,572.0
379,9,3.0
380,9,65.0
389,9,24.0
404,9,30.0
434,9,70.0
444,9,186.0
454,9,335.0
460,9,175.0
463,9,223.0
472,9,6.0
498,9,223.0
506,9,625.0
508,9,3.0
522,9,11.0
544,9,12.0
546,9,7.0
548,9,88.0
549,9,79.0
619,9,81.0
631,9,394.0
632,9,27.0
633,9,198.0
654,9,36.0
655,9,82.0
660,9,53.0
664,9,110.0
667,9,961.0
671,9,367.0
692,9,11.0
709,9,103.0
724,9,78.0
725,9,10.0
728,9,25.0
729,9,377.0
732,9,204.0
733,9,2.0
736,9,18.0
738,9,126.0
744,9,6.0
745,9,126.0
746,9,19.0
747,9,27.0
756,9,2.0
757,9,3.0
773,9,144.0
787,9,12.0
796,9,127.0
804,9,76.0
808,9,104.0
816,9,106.0
820,9,89.0
834,9,7.0
836,9,17.0
844,9,34.0
852,9,13.0
855,9,143.0
858,9,102.0
859,9,290.0
860,9,70.0
863,9,1.0
869,9,87.0
872,9,88.0
86,10,8.0
148,10,12.0
175,10,18.0
275,10,1.0
295,10,2.0
329,10,6.0
379,10,1.0
380,10,3.0
404,10,4.0
434,10,2.0
444,10,3.0
454,10,6.0
460,10,5.0
463,10,9.0
472,10,3.0
498,10,12.0
506,10,9.0
508,10,1.0
522,10,1.0
544,10,8.0
546,10,2.0
548,10,2.0
549,10,1.0
619,10,3.0
631,10,106.0
633,10,3.0
654,10,2.0
655,10,21.0
660,10,4.0
671,10,10.0
692,10,1.0
709,10,10.0
728,10,6.0
729,10,41.0
732,10,27.0
736,10,1.0
738,10,36.0
744,10,5.0
773,10,26.0
787,10,1.0
796,10,1.0
816,10,11.0
820,10,7.0
844,10,1.0
855,10,30.0
858,10,2.0
859,10,13.0
860,10,15.0
4,11,9.0
5,11,2.0
11,11,318.0
12,11,1.0
13,11,50.0
16,11,100.0
18,11,1.0
19,11,113.0
21,11,1.0
22,11,200.0
24,11,229.0
26,11,191.0
31,11,2.0
32,11,2.0
34,11,9.0
36,11,1.0
38,11,2.0
39,11,4.0
40,11,82.0
41,11,38.0
42,11,95.0
43,11,90.0
44,11,24.0
47,11,12.0
54,11,1.0
56,11,7.0
57,11,3.0
58,11,34.0
61,11,16.0
63,11,3.0
66,11,5.0
67,11,212.0
70,11,12.0
245,11,2.0
74,11,20.0
79,11,23.0
81,11,1.0
83,11,1.0
85,11,400.0
86,11,200.0
88,11,6.0
91,11,3.0
92,11,48.0
95,11,2.0
97,11,140.0
98,11,3.0
101,11,57.0
103,11,1.0
105,11,1.0
106,11,67.0
112,11,2.0
113,11,2.0
115,11,2.0
118,11,580.0
119,11,171.0
121,11,1255.0
124,11,4.0
125,11,200.0
126,11,14.0
129,11,3.0
130,11,2665.0
131,11,8.0
133,11,4.0
135,11,1.0
138,11,17.0
140,11,473.0
144,11,1500.0
145,11,1.0
146,11,1.0
147,11,2.0
148,11,600.0
149,11,2.0
150,11,5.0
151,11,12.0
152,11,1.0
153,11,7.0
154,11,1.0
156,11,1.0
158,11,2.0
159,11,170.0
165,11,120.0
169,11,7.0
170,11,200.0
171,11,500.0
174,11,2.0
175,11,1.0
177,11,29.0
178,11,5.0
179,11,26.0
192,11,1.0
205,11,114.0
206,11,36.0
208,11,10.0
242,11,9.0
246,11,18.0
256,11,1.0
270,11,6.0
274,11,1.0
275,11,65.0
280,11,20.0
282,11,1.0
284,11,1.0
285,11,1.0
286,11,41.0
293,11,622.0
294,11,727.0
295,11,77.0
296,11,12.0
297,11,189.0
299,11,151.0
301,11,287.0
302,11,1091.0
307,11,138.0
308,11,162.0
309,11,277.0
312,11,2.0
317,11,26.0
326,11,4.0
327,11,655.0
329,11,176.0
331,11,28.0
333,11,29.0
336,11,8.0
337,11,1.0
339,11,114.0
341,11,4.0
344,11,66.0
346,11,800.0
347,11,6.0
350,11,464.0
352,11,12.0
356,11,23.0
357,11,791.0
362,11,1255.0
367,11,400.0
368,11,21.0
371,11,563.0
372,11,79.0
374,11,300.0
375,11,1763.0
377,11,27.0
379,11,4.0
380,11,68.0
381,11,200.0
386,11,1.0
387,11,5.0
388,11,400.0
389,11,24.0
390,11,8.0
394,11,3.0
395,11,1.0
396,11,4.0
397,11,118.0
398,11,21.0
399,11,2.0
403,11,97.0
404,11,30.0
408,11,34.0
418,11,564.0
422,11,3.0
423,11,2.0
424,11,82.0
427,11,1.0
431,11,10960.0
432,11,1057.0
434,11,72.0
439,11,56.0
441,11,250.0
444,11,9.0
445,11,1.0
449,11,2.0
453,11,199.0
454,11,203.0
458,11,28.0
459,11,1223.0
460,11,180.0
461,11,221.0
462,11,506.0
463,11,231.0
464,11,305.0
465,11,251.0
470,11,291.0
471,11,633.0
472,11,9.0
476,11,18883.0
478,11,362.0
480,11,953.0
481,11,253.0
482,11,260.0
484,11,201.0
485,11,35.0
487,11,60.0
488,11,4.0
489,11,3.0
490,11,17.0
494,11,408.0
495,11,382.0
497,11,42.0
498,11,236.0
500,11,4.0
501,11,134.0
502,11,6.0
504,11,4823.0
506,11,70.0
507,11,98.0
508,11,4.0
511,11,5.0
514,11,520.0
515,11,82.0
518,11,55.0
522,11,11.0
525,11,69.0
526,11,8309.0
530,11,2060.0
531,11,9642.0
532,11,39.0
534,11,1.0
535,11,30.0
536,11,12981.0
537,11,382.0
538,11,470.0
540,11,80.0
542,11,180.0
544,11,20.0
545,11,8.0
546,11,9.0
547,11,28.0
548,11,90.0
549,11,670.0
552,11,2.0
553,11,1.0
555,11,620.0
562,11,89.0
563,11,8.0
564,11,19.0
571,11,460.0
574,11,10482.0
575,11,500.0
579,11,33.0
592,11,9.0
605,11,300.0
617,11,48.0
619,11,84.0
622,11,100.0
624,11,677.0
625,11,60.0
630,11,340.0
631,11,816.0
632,11,1.0
633,11,201.0
634,11,71.0
641,11,270.0
654,11,36.0
655,11,129.0
660,11,78.0
662,11,1.0
664,11,87.0
667,11,961.0
669,11,258.0
671,11,683.0
673,11,9.0
674,11,1400.0
679,11,4.0
681,11,1.0
682,11,2.0
683,11,4.0
687,11,129.0
692,11,40.0
695,11,40.0
700,11,54.0
703,11,2700.0
704,11,5700.0
706,11,200.0
707,11,4.0
709,11,50.0
710,11,71.0
711,11,1196.0
712,11,82.0
714,11,20.0
718,11,10.0
721,11,129.0
722,11,1043.0
723,11,99.0
724,11,11.0
725,11,9.0
726,11,15.0
728,11,30.0
729,11,418.0
732,11,231.0
733,11,2.0
734,11,32.0
736,11,3.0
738,11,163.0
739,11,53.0
740,11,58.0
742,11,67.0
744,11,6.0
745,11,250.0
746,11,19.0
747,11,27.0
748,11,46.0
749,11,227.0
750,11,10.0
751,11,40.0
752,11,95.0
753,11,234.0
755,11,111.0
756,11,2.0
757,11,93.0
758,11,1.0
759,11,36.0
760,11,25.0
762,11,350.0
764,11,1.0
765,11,2.0
766,11,7.0
768,11,2.0
773,11,171.0
775,11,660.0
776,11,630.0
781,11,2.0
783,11,170.0
787,11,57.0
788,11,2.0
789,11,1.0
791,11,3.0
792,11,5.0
795,11,574.0
796,11,223.0
800,11,100.0
801,11,500.0
803,11,11.0
804,11,76.0
805,11,50.0
807,11,146.0
808,11,3100.0
810,11,185.0
815,11,31.0
816,11,39.0
817,11,394.0
820,11,188.0
822,11,15.0
824,11,159.0
825,11,10.0
829,11,13.0
830,11,138.0
831,11,17.0
834,11,7.0
835,11,101.0
836,11,11.0
837,11,18.0
838,11,30.0
840,11,4.0
841,11,29.0
842,11,17.0
843,11,33.0
844,11,35.0
845,11,6.0
846,11,10.0
848,11,70.0
852,11,13.0
855,11,60.0
856,11,269.0
858,11,104.0
859,11,303.0
860,11,84.0
862,11,257.0
863,11,1.0
866,11,245.0
867,11,10.0
869,11,58.0
870,11,2.0
871,11,137.0
872,11,200.0
874,11,72.0
877,11,80.0
16,12,38.0
24,12,44.0
34,12,1.0
85,12,57.0
86,12,15.0
101,12,41.0
121,12,125.0
130,12,10.0
140,12,19.0
148,12,25.0
175,12,1.0
206,12,16.0
270,12,2.0
274,12,16.0
275,12,4.0
295,12,12.0
314,12,17.0
329,12,25.0
379,12,6.0
380,12,7.0
404,12,3.0
434,12,5.0
444,12,1.0
460,12,4.0
461,12,4.0
462,12,12.0
463,12,34.0
464,12,20.0
472,12,1.0
476,12,287.0
498,12,3.0
506,12,150.0
508,12,4.0
522,12,2.0
530,12,90.0
535,12,24.0
544,12,34.0
546,12,20.0
548,12,27.0
549,12,15.0
631,12,148.0
632,12,5.0
633,12,12.0
641,12,16.0
654,12,9.0
655,12,10.0
660,12,45.0
664,12,9.0
669,12,40.0
671,12,30.0
692,12,65.0
710,12,5.0
717,12,33.0
718,12,25.0
725,12,2.0
728,12,6.0
729,12,40.0
732,12,55.0
733,12,5.0
736,12,8.0
739,12,10.0
740,12,5.0
742,12,9.0
744,12,2.0
745,12,5.0
746,12,5.0
749,12,64.0
753,12,58.0
755,12,25.0
757,12,1.0
759,12,4.0
761,12,10.0
773,12,20.0
787,12,6.0
795,12,35.0
796,12,37.0
816,12,31.0
820,12,46.0
830,12,9.0
831,12,5.0
834,12,3.0
836,12,1.0
852,12,3.0
855,12,9.0
858,12,15.0
859,12,1.0
860,12,10.0
866,12,45.0
867,12,5.0
870,12,4.0
872,12,23.0
874,12,6.0
5,13,202.0
8,13,106.0
16,13,35351.0
31,13,14.0
40,13,3116.0
41,13,70.0
42,13,74742.0
54,13,4.0
58,13,15.0
66,13,6.0
85,13,22550.0
86,13,57029.0
101,13,20369.0
119,13,1067.0
124,13,712.0
126,13,895.0
131,13,761.0
148,13,30611.0
175,13,7563.0
177,13,853.0
179,13,780.0
205,13,27333.0
206,13,357.0
270,13,481.0
274,13,171.0
275,13,7173.0
295,13,185.0
329,13,2308.0
331,13,21.0
341,13,5935.0
346,13,287.0
379,13,37.0
380,13,221.0
389,13,127.0
404,13,174.0
434,13,232.0
444,13,3965.0
454,13,1352.0
460,13,622.0
463,13,1104.0
472,13,30.0
498,13,2208.0
506,13,819.0
508,13,48.0
522,13,80.0
544,13,54.0
546,13,46.0
548,13,350.0
549,13,1224.0
558,13,81.0
605,13,5406.0
619,13,4267.0
631,13,6360.0
632,13,430.0
633,13,3388.0
654,13,6100.0
655,13,1815.0
660,13,12486.0
664,13,19385.0
667,13,16978.0
671,13,4901.0
692,13,178.0
695,13,700.0
709,13,15994.0
724,13,1380.0
725,13,1025.0
728,13,1109.0
729,13,3950.0
732,13,3634.0
733,13,223.0
736,13,2227.0
738,13,1640.0
742,13,2844.0
744,13,1930.0
745,13,4356.0
746,13,5096.0
747,13,7382.0
749,13,80.0
756,13,22.0
757,13,839.0
773,13,3232.0
787,13,5178.0
795,13,1059.0
796,13,27893.0
804,13,31734.0
808,13,30309.0
816,13,1246.0
820,13,1508.0
831,13,496.0
834,13,1744.0
836,13,452.0
844,13,2542.0
852,13,3124.0
855,13,1997.0
858,13,2769.0
859,13,6030.0
860,13,1270.0
863,13,89.0
869,13,1539.0
872,13,30293.0
16,14,23.0
42,14,96.0
66,14,25.0
85,14,10013.0
86,14,66.0
101,14,88.0
175,14,62.0
179,14,210.0
205,14,3.0
270,14,11.0
274,14,25.0
275,14,45.0
295,14,3.0
329,14,22.0
341,14,267.0
346,14,670.0
379,14,3.0
380,14,8.0
404,14,6.0
434,14,3.0
444,14,113.0
454,14,21.0
460,14,9.0
463,14,11.0
472,14,1.0
498,14,20.0
506,14,91.0
508,14,4.0
522,14,3.0
544,14,6.0
546,14,4.0
548,14,7.0
549,14,12.0
605,14,257.0
619,14,87.0
631,14,844.0
632,14,78.0
633,14,23.0
654,14,1128.0
655,14,154.0
660,14,2668.0
664,14,11.0
667,14,2982.0
671,14,97.0
692,14,1.0
695,14,11.0
709,14,78.0
724,14,242.0
725,14,6.0
728,14,65.0
729,14,506.0
732,14,382.0
736,14,5.0
738,14,255.0
742,14,46.0
744,14,817.0
745,14,33.0
746,14,11.0
747,14,442.0
757,14,351.0
773,14,215.0
787,14,2551.0
795,14,100.0
796,14,21.0
804,14,27285.0
808,14,10767.0
816,14,155.0
820,14,9.0
834,14,3.0
836,14,40.0
844,14,895.0
852,14,12.0
855,14,207.0
858,14,35.0
859,14,672.0
860,14,95.0
863,14,5.0
869,14,270.0
872,14,5248.0
4,15,47.0
5,15,202.0
8,15,106.0
11,15,26808.0
12,15,12.0
13,15,9360.0
16,15,44800.0
17,15,37.0
18,15,127.0
19,15,361.0
21,15,5.0
22,15,34900.0
23,15,30.0
24,15,24223.0
25,15,32.0
28,15,25.0
31,15,14.0
32,15,19.0
33,15,7.0
34,15,10.0
36,15,6.0
37,15,13.0
38,15,25.0
39,15,57.0
40,15,3116.0
41,15,34.0
42,15,14355.0
43,15,7035.0
44,15,40594.0
47,15,1346.0
48,15,4.0
49,15,2.0
54,15,10.0
56,15,53.0
57,15,20.0
58,15,40.0
61,15,2216.0
63,15,390.0
64,15,3.0
65,15,5.0
66,15,4.0
67,15,13618.0
68,15,1660.0
69,15,36.0
70,15,42.0
71,15,5.0
245,15,12.0
73,15,37.0
74,15,850.0
76,15,8.0
79,15,988.0
81,15,66.0
82,15,9910.0
83,15,42.0
85,15,42500.0
86,15,45300.0
88,15,241.0
91,15,3.0
92,15,12.0
95,15,6.0
97,15,1500.0
98,15,104.0
99,15,87.0
101,15,20457.0
103,15,119.0
105,15,7.0
106,15,75.0
112,15,22.0
113,15,29.0
115,15,2.0
117,15,41.0
118,15,10590.0
119,15,1067.0
121,15,71269.0
122,15,940.0
124,15,712.0
125,15,39100.0
126,15,739.0
127,15,19700.0
128,15,86.0
129,15,102.0
130,15,67889.0
131,15,761.0
133,15,50.0
135,15,35.0
137,15,9780.0
138,15,17947.0
140,15,23174.0
141,15,21.0
144,15,58500.0
145,15,47.0
146,15,81.0
147,15,132.0
148,15,69400.0
149,15,65.0
150,15,82.0
151,15,77.0
152,15,25.0
153,15,17.0
154,15,37.0
156,15,28.0
157,15,51.0
158,15,6.0
159,15,2660.0
162,15,11.0
165,15,1750.0
169,15,193.0
170,15,39300.0
171,15,21900.0
174,15,14.0
175,15,1.0
177,15,964.0
178,15,5.0
179,15,990.0
180,15,181.0
181,15,14.0
183,15,470.0
192,15,18.0
195,15,8.0
198,15,50.0
199,15,85.0
200,15,22.0
205,15,27333.0
206,15,357.0
208,15,22.0
237,15,40.0
241,15,56.0
242,15,335.0
243,15,70.0
246,15,178.0
252,15,15.0
256,15,12.0
270,15,640.0
274,15,8.0
275,15,6824.0
280,15,87.0
282,15,81.0
283,15,15109.0
284,15,7.0
285,15,1.0
286,15,89.0
287,15,56.0
288,15,660.0
289,15,76.0
291,15,4.0
293,15,1516.0
294,15,2283.0
295,15,188.0
296,15,67.0
297,15,516.0
298,15,7.0
299,15,448.0
301,15,18849.0
302,15,1330.0
307,15,205.0
308,15,924.0
309,15,684.0
312,15,32.0
314,15,9.0
317,15,98.0
320,15,10352.0
321,15,7.0
322,15,4.0
323,15,18.0
326,15,194.0
327,15,1150.0
328,15,75.0
329,15,594.0
330,15,9.0
331,15,21.0
332,15,1399.0
333,15,2203.0
336,15,559.0
337,15,1.0
338,15,2.0
339,15,291.0
341,15,5800.0
344,15,62.0
346,15,17000.0
347,15,144.0
350,15,593.0
352,15,31.0
356,15,86.0
357,15,1199.0
362,15,2772.0
363,15,80.0
367,15,624.0
368,15,749.0
371,15,2023.0
372,15,512.0
374,15,15800.0
375,15,2393.0
377,15,145.0
379,15,39.0
380,15,229.0
381,15,77800.0
386,15,95.0
387,15,5.0
388,15,1132.0
389,15,127.0
390,15,624.0
392,15,4.0
394,15,14.0
395,15,28.0
396,15,86.0
397,15,311.0
398,15,137.0
399,15,115.0
403,15,244.0
404,15,157.0
405,15,28.0
406,15,230.0
408,15,3558.0
410,15,205.0
416,15,129.0
417,15,4.0
418,15,293.0
422,15,3.0
423,15,17.0
424,15,247.0
427,15,16.0
431,15,21940.0
432,15,2913.0
434,15,235.0
439,15,79.0
440,15,37229.0
441,15,21528.0
444,15,21.0
445,15,12.0
449,15,72.0
450,15,1420.0
453,15,407.0
454,15,614.0
458,15,154.0
459,15,4074.0
460,15,630.0
461,15,816.0
462,15,1204.0
463,15,1115.0
464,15,949.0
465,15,1351.0
467,15,3.0
468,15,521.0
470,15,1117.0
471,15,1850.0
472,15,31.0
476,15,21487.0
478,15,470.0
480,15,2323.0
481,15,979.0
482,15,540.0
484,15,458.0
485,15,836.0
487,15,165.0
488,15,85.0
489,15,423.0
490,15,18.0
494,15,1433.0
495,15,303.0
497,15,70.0
498,15,2228.0
499,15,11.0
500,15,574.0
501,15,388.0
502,15,152.0
503,15,37.0
504,15,16978.0
506,15,910.0
507,15,196.0
508,15,52.0
510,15,37.0
511,15,6.0
514,15,1347.0
515,15,162.0
516,15,159.0
518,15,248.0
519,15,6.0
520,15,5.0
522,15,83.0
525,15,3159.0
526,15,20653.0
530,15,3650.0
531,15,11955.0
532,15,208.0
534,15,19.0
535,15,630.0
536,15,43755.0
537,15,991.0
538,15,1328.0
540,15,540.0
542,15,1820.0
544,15,60.0
545,15,46.0
546,15,49.0
547,15,113.0
548,15,358.0
549,15,8491.0
552,15,201.0
553,15,21.0
555,15,3520.0
556,15,11.0
558,15,81.0
562,15,151.0
563,15,8.0
564,15,20.0
567,15,31.0
569,15,30.0
571,15,870.0
574,15,14527.0
575,15,14600.0
579,15,127.0
592,15,44.0
605,15,36600.0
617,15,211.0
619,15,4354.0
622,15,22200.0
624,15,4632.0
625,15,72.0
630,15,15.0
631,15,6622.0
632,15,1785.0
633,15,3411.0
634,15,743.0
638,15,14.0
640,15,6.0
641,15,3220.0
654,15,4440.0
655,15,4092.0
660,15,8674.0
662,15,79.0
664,15,1873.0
667,15,19961.0
669,15,2893.0
670,15,64.0
671,15,9191.0
673,15,336.0
674,15,24040.0
679,15,19.0
681,15,7.0
682,15,3.0
683,15,76.0
687,15,1475.0
692,15,690.0
695,15,286.0
700,15,4791.0
703,15,41200.0
704,15,37300.0
706,15,32600.0
707,15,1318.0
709,15,9180.0
710,15,872.0
711,15,6192.0
712,15,977.0
714,15,221.0
716,15,6.0
717,15,1158.0
718,15,1095.0
721,15,4104.0
722,15,3165.0
723,15,379.0
724,15,9020.0
725,15,1177.0
726,15,73.0
728,15,2184.0
729,15,4456.0
732,15,4016.0
733,15,690.0
734,15,7074.0
736,15,701.0
738,15,1895.0
739,15,600.0
740,15,1200.0
742,15,2241.0
743,15,103.0
744,15,1028.0
745,15,6260.0
746,15,5107.0
747,15,7824.0
748,15,37.0
749,15,2150.0
750,15,50.0
751,15,542.0
752,15,9670.0
753,15,4024.0
755,15,1462.0
756,15,22.0
757,15,3603.0
758,15,12.0
759,15,425.0
760,15,5036.0
761,15,310.0
762,15,3800.0
764,15,5.0
765,15,86.0
766,15,166.0
768,15,952.0
769,15,4635.0
770,15,124.0
771,15,5.0
772,15,2121.0
773,15,3447.0
775,15,6333.0
776,15,7400.0
777,15,3872.0
781,15,45.0
783,15,14713.0
787,15,3178.0
788,15,15.0
789,15,90.0
791,15,9.0
792,15,395.0
795,15,5027.0
796,15,30802.0
798,15,11400.0
800,15,43500.0
801,15,49900.0
802,15,6700.0
803,15,3149.0
804,15,59020.0
805,15,11320.0
807,15,4109.0
808,15,44500.0
810,15,7140.0
811,15,32.0
815,15,2399.0
816,15,360.0
817,15,5660.0
819,15,198.0
820,15,2439.0
822,15,1566.0
823,15,5.0
824,15,2101.0
825,15,6750.0
829,15,92.0
830,15,5495.0
831,15,496.0
834,15,1747.0
835,15,1917.0
836,15,1892.0
837,15,912.0
838,15,1560.0
840,15,6714.0
841,15,315.0
842,15,730.0
843,15,1621.0
844,15,3437.0
845,15,2288.0
846,15,183.0
848,15,12290.0
851,15,14.0
852,15,3136.0
855,15,679.0
856,15,4627.0
858,15,2804.0
859,15,6703.0
860,15,1365.0
862,15,407.0
863,15,94.0
866,15,4940.0
867,15,2010.0
869,15,2882.0
870,15,4983.0
871,15,2188.0
872,15,39100.0
874,15,4767.0
876,15,5400.0
877,15,904.0
16,16,13.0
31,16,2.0
66,16,4.0
86,16,3.0
101,16,18.0
148,16,1.0
175,16,2.0
177,16,2.0
179,16,61.0
270,16,2.0
274,16,22.0
275,16,2.0
295,16,2.0
329,16,21.0
380,16,2.0
404,16,2.0
434,16,2.0
444,16,27.0
454,16,8.0
460,16,5.0
463,16,10.0
498,16,13.0
506,16,17.0
544,16,14.0
546,16,23.0
549,16,4.0
619,16,28.0
631,16,18.0
633,16,12.0
654,16,17.0
655,16,37.0
660,16,21.0
664,16,137.0
667,16,267.0
671,16,28.0
692,16,2.0
709,16,27.0
724,16,22.0
728,16,12.0
732,16,53.0
736,16,13.0
738,16,84.0
744,16,21.0
745,16,32.0
746,16,16.0
757,16,5.0
773,16,49.0
787,16,15.0
796,16,8.0
808,16,57.0
816,16,20.0
820,16,4.0
836,16,1.0
844,16,16.0
855,16,47.0
858,16,10.0
859,16,42.0
860,16,27.0
869,16,24.0
872,16,27.0
85,17,2867.0
86,17,219.0
205,17,286.0
270,17,1.0
275,17,750.0
632,17,7.0
664,17,274.0
667,17,296.0
724,17,24.0
729,17,75.0
744,17,453.0
747,17,192.0
804,17,2991.0
808,17,2397.0
869,17,27.0
872,17,532.0
16,18,12.0
66,18,39.0
85,18,287.0
86,18,84.0
101,18,85.0
126,18,3.0
148,18,5.0
175,18,15.0
177,18,2.0
179,18,44.0
205,18,4.0
270,18,5.0
274,18,110.0
275,18,45.0
295,18,3.0
329,18,24.0
379,18,1.0
380,18,13.0
404,18,3.0
434,18,15.0
444,18,43.0
454,18,19.0
460,18,19.0
463,18,8.0
472,18,1.0
498,18,14.0
506,18,22.0
508,18,11.0
522,18,13.0
544,18,1.0
546,18,3.0
548,18,1.0
549,18,2.0
619,18,102.0
631,18,194.0
633,18,12.0
654,18,187.0
655,18,53.0
660,18,498.0
664,18,102.0
671,18,63.0
692,18,7.0
695,18,27.0
709,18,24.0
725,18,4.0
728,18,35.0
732,18,58.0
736,18,29.0
738,18,73.0
744,18,68.0
745,18,105.0
746,18,59.0
757,18,32.0
773,18,81.0
787,18,159.0
796,18,32.0
816,18,21.0
820,18,3.0
834,18,3.0
836,18,6.0
844,18,207.0
852,18,9.0
855,18,59.0
858,18,19.0
859,18,141.0
860,18,47.0
863,18,5.0
872,18,703.0
85,19,533.0
175,19,69.0
275,19,42.0
506,19,257.0
549,19,211.0
660,19,565.0
671,19,51.0
742,19,57.0
746,19,105.0
747,19,200.0
757,19,18.0
795,19,27.0
804,19,334.0
4,20,246.0
5,20,254.0
8,20,143.0
11,20,7660.0
12,20,23.0
13,20,960.0
16,20,32000.0
17,20,56.0
18,20,285.0
19,20,742.0
21,20,40.0
22,20,39080.0
23,20,157.0
24,20,20543.0
25,20,55.0
26,20,109.0
28,20,35.0
31,20,8.0
32,20,45.0
33,20,20.0
34,20,17.0
36,20,12.0
37,20,835.0
38,20,1.0
39,20,111.0
40,20,7473.0
41,20,11.0
42,20,74623.0
43,20,3122.0
44,20,20628.0
47,20,2593.0
48,20,75.0
49,20,37.0
54,20,63.0
56,20,48.0
57,20,18.0
58,20,2.0
61,20,328.0
63,20,754.0
64,20,35.0
65,20,28.0
66,20,2.0
67,20,3103.0
68,20,1694.0
69,20,49.0
70,20,138.0
71,20,46.0
245,20,115.0
73,20,39.0
74,20,310.0
76,20,77.0
79,20,961.0
81,20,144.0
82,20,1690.0
83,20,90.0
85,20,34900.0
86,20,39800.0
88,20,999.0
91,20,15.0
92,20,113.0
95,20,34.0
97,20,1240.0
98,20,181.0
99,20,152.0
101,20,15782.0
103,20,67.0
105,20,43.0
106,20,19.0
112,20,54.0
113,20,69.0
115,20,12.0
117,20,206.0
118,20,4310.0
119,20,199.0
121,20,9762.0
122,20,1175.0
124,20,748.0
125,20,33400.0
126,20,2015.0
127,20,62400.0
128,20,410.0
129,20,41.0
130,20,12530.0
131,20,1248.0
133,20,283.0
135,20,16.0
137,20,3150.0
138,20,33150.0
140,20,13485.0
141,20,75.0
144,20,29300.0
145,20,27.0
146,20,46.0
147,20,44.0
148,20,17400.0
149,20,84.0
150,20,288.0
151,20,79.0
152,20,29.0
153,20,17.0
154,20,99.0
156,20,53.0
157,20,271.0
158,20,12.0
159,20,1160.0
162,20,45.0
165,20,530.0
169,20,659.0
170,20,41300.0
171,20,50800.0
174,20,63.0
175,20,32.0
177,20,1305.0
178,20,26.0
179,20,2787.0
180,20,59.0
181,20,261.0
183,20,500.0
192,20,33.0
195,20,3.0
198,20,113.0
199,20,72.0
200,20,42.0
205,20,53515.0
206,20,706.0
208,20,46.0
237,20,63.0
241,20,148.0
242,20,930.0
243,20,185.0
246,20,853.0
252,20,42.0
256,20,19.0
270,20,1960.0
274,20,17.0
275,20,5767.0
280,20,7.0
282,20,46.0
283,20,4596.0
284,20,16.0
285,20,4.0
286,20,20.0
287,20,234.0
288,20,2290.0
289,20,145.0
291,20,74.0
293,20,130.0
294,20,219.0
295,20,32.0
296,20,9.0
297,20,20.0
298,20,114.0
299,20,15.0
301,20,18390.0
302,20,47.0
307,20,18.0
308,20,53.0
309,20,60.0
311,20,120.0
312,20,48.0
314,20,17.0
317,20,9.0
320,20,33727.0
321,20,16.0
322,20,9.0
323,20,41.0
326,20,212.0
327,20,517.0
328,20,32.0
329,20,101.0
330,20,21.0
331,20,28.0
332,20,1800.0
333,20,5835.0
336,20,258.0
337,20,32.0
338,20,34.0
339,20,69.0
341,20,1800.0
344,20,9.0
346,20,51500.0
347,20,563.0
350,20,46.0
352,20,2.0
356,20,36.0
357,20,155.0
362,20,196.0
363,20,162.0
367,20,97.0
368,20,798.0
371,20,121.0
372,20,578.0
374,20,69600.0
375,20,123.0
377,20,12.0
379,20,15.0
380,20,34.0
381,20,10100.0
386,20,1.0
387,20,2.0
388,20,99.0
389,20,15.0
390,20,288.0
392,20,1.0
394,20,117.0
395,20,79.0
396,20,20.0
397,20,40.0
398,20,124.0
399,20,313.0
403,20,38.0
404,20,33.0
405,20,117.0
406,20,1064.0
408,20,1995.0
410,20,79.0
416,20,485.0
417,20,38.0
418,20,88.0
422,20,13.0
423,20,44.0
424,20,32.0
427,20,26.0
431,20,950.0
432,20,192.0
434,20,38.0
439,20,32.0
440,20,7605.0
441,20,24882.0
444,20,43.0
445,20,166.0
449,20,186.0
450,20,2977.0
453,20,45.0
454,20,239.0
458,20,32.0
459,20,165.0
460,20,81.0
461,20,60.0
462,20,206.0
463,20,489.0
464,20,472.0
465,20,172.0
467,20,64.0
468,20,11.0
470,20,97.0
471,20,123.0
472,20,8.0
476,20,30.0
477,20,10.0
478,20,69.0
480,20,199.0
481,20,76.0
482,20,30.0
484,20,44.0
485,20,572.0
487,20,19.0
488,20,69.0
489,20,1193.0
490,20,64.0
494,20,68.0
495,20,68.0
497,20,15.0
498,20,74.0
499,20,40.0
500,20,936.0
501,20,37.0
502,20,402.0
503,20,87.0
504,20,1543.0
506,20,80.0
507,20,26.0
508,20,16.0
510,20,87.0
511,20,4.0
514,20,272.0
515,20,20.0
516,20,377.0
518,20,164.0
519,20,64.0
520,20,29.0
522,20,19.0
525,20,2489.0
526,20,935.0
530,20,190.0
531,20,1149.0
532,20,13.0
534,20,87.0
535,20,310.0
536,20,1296.0
537,20,87.0
538,20,116.0
540,20,360.0
542,20,110.0
544,20,42.0
545,20,2.0
546,20,42.0
547,20,52.0
548,20,45.0
549,20,1860.0
550,20,100.0
552,20,569.0
553,20,96.0
555,20,2300.0
556,20,45.0
558,20,153.0
562,20,140.0
563,20,4.0
564,20,10.0
565,20,60.0
567,20,123.0
569,20,90.0
571,20,40.0
574,20,2154.0
575,20,54800.0
579,20,11.0
592,20,20.0
605,20,9100.0
617,20,17.0
619,20,6662.0
622,20,52900.0
624,20,2324.0
625,20,48.0
630,20,58.0
631,20,536.0
632,20,717.0
633,20,1555.0
634,20,65.0
638,20,40.0
640,20,25.0
641,20,280.0
654,20,2968.0
655,20,1680.0
660,20,19640.0
662,20,133.0
664,20,468.0
667,20,2728.0
669,20,260.0
670,20,100.0
671,20,1837.0
673,20,174.0
674,20,570.0
679,20,3.0
681,20,3.0
682,20,90.0
683,20,45.0
687,20,374.0
692,20,1420.0
695,20,24.0
700,20,2120.0
703,20,10200.0
704,20,19500.0
706,20,2800.0
707,20,107.0
709,20,10100.0
710,20,78.0
711,20,460.0
712,20,109.0
714,20,20.0
716,20,16.0
717,20,2754.0
718,20,1598.0
721,20,2007.0
722,20,81.0
723,20,158.0
724,20,2130.0
725,20,230.0
726,20,33.0
728,20,439.0
729,20,1186.0
732,20,2819.0
733,20,1385.0
734,20,1803.0
736,20,1171.0
738,20,288.0
739,20,447.0
740,20,302.0
742,20,2212.0
743,20,183.0
744,20,2499.0
745,20,16280.0
746,20,10965.0
747,20,13789.0
748,20,18.0
749,20,200.0
751,20,48.0
752,20,495.0
753,20,978.0
755,20,893.0
756,20,215.0
757,20,6613.0
758,20,72.0
759,20,88.0
760,20,1798.0
761,20,584.0
762,20,720.0
764,20,11.0
765,20,240.0
766,20,518.0
768,20,338.0
769,20,604.0
770,20,393.0
771,20,2.0
772,20,479.0
773,20,3556.0
775,20,1310.0
776,20,18100.0
777,20,449.0
781,20,121.0
783,20,1723.0
787,20,6390.0
788,20,14.0
789,20,56.0
791,20,17.0
792,20,901.0
795,20,1003.0
796,20,10535.0
798,20,1600.0
800,20,4900.0
801,20,22200.0
802,20,2900.0
803,20,876.0
804,20,9610.0
805,20,6608.0
807,20,2066.0
808,20,24500.0
810,20,1408.0
811,20,50.0
815,20,5476.0
816,20,156.0
817,20,1349.0
819,20,412.0
820,20,646.0
822,20,1490.0
823,20,14.0
824,20,167.0
825,20,1910.0
826,20,7100.0
829,20,511.0
830,20,923.0
831,20,575.0
834,20,1568.0
835,20,1103.0
836,20,648.0
837,20,1145.0
838,20,1590.0
840,20,1599.0
841,20,847.0
842,20,1667.0
843,20,1654.0
844,20,1433.0
845,20,641.0
846,20,571.0
848,20,9580.0
851,20,36.0
852,20,2000.0
855,20,61.0
856,20,656.0
858,20,2516.0
859,20,3848.0
860,20,899.0
862,20,116.0
863,20,144.0
866,20,1345.0
867,20,746.0
869,20,321.0
870,20,3163.0
871,20,216.0
872,20,19400.0
874,20,2035.0
876,20,360.0
877,20,105.0
4,21,42.0
5,21,15.0
8,21,12.0
11,21,161.0
12,21,17.0
13,21,150.0
16,21,3.0
17,21,2.0
18,21,53.0
19,21,2955.0
21,21,10.0
22,21,1790.0
23,21,27.0
24,21,35.0
25,21,5.0
28,21,53.0
31,21,7.0
32,21,99.0
33,21,26.0
34,21,21.0
36,21,40.0
37,21,38.0
38,21,3.0
39,21,183.0
40,21,533.0
41,21,47.0
42,21,96.0
43,21,150.0
44,21,986.0
47,21,101.0
48,21,13.0
49,21,6.0
54,21,26.0
56,21,18.0
57,21,7.0
58,21,15.0
63,21,1242.0
64,21,46.0
65,21,5.0
66,21,2.0
67,21,176.0
68,21,482.0
70,21,31.0
71,21,17.0
245,21,2.0
73,21,4.0
74,21,120.0
76,21,13.0
79,21,78.0
83,21,65.0
85,21,2600.0
86,21,200.0
88,21,110.0
91,21,79.0
92,21,21.0
95,21,83.0
97,21,1050.0
98,21,38.0
99,21,76.0
101,21,48930.0
103,21,65.0
105,21,9.0
106,21,51.0
112,21,338.0
113,21,435.0
115,21,65.0
117,21,1.0
118,21,80.0
119,21,300.0
121,21,761.0
122,21,3230.0
124,21,621.0
125,21,1600.0
126,21,118.0
128,21,1.0
129,21,3.0
130,21,957.0
131,21,1876.0
133,21,136.0
135,21,3.0
138,21,164.0
140,21,259.0
141,21,13.0
145,21,26.0
146,21,44.0
147,21,17.0
148,21,6.0
149,21,2.0
150,21,112.0
152,21,2.0
153,21,31.0
156,21,35.0
157,21,46.0
158,21,23.0
159,21,1076.0
162,21,23.0
165,21,1230.0
169,21,108.0
170,21,300.0
171,21,2300.0
174,21,13.0
175,21,10.0
177,21,65.0
178,21,138.0
179,21,613.0
181,21,44.0
183,21,690.0
192,21,22.0
195,21,1.0
199,21,999.0
200,21,16.0
205,21,1161.0
206,21,223.0
208,21,27.0
237,21,7.0
241,21,8.0
242,21,48.0
243,21,10.0
246,21,61.0
252,21,55.0
256,21,5.0
270,21,150.0
274,21,1.0
275,21,426.0
280,21,95.0
282,21,44.0
284,21,26.0
285,21,1.0
286,21,14.0
287,21,175.0
288,21,70.0
289,21,2.0
291,21,18.0
293,21,103.0
294,21,159.0
295,21,16.0
297,21,9.0
298,21,20.0
299,21,15.0
301,21,1700.0
302,21,27.0
307,21,20.0
311,21,450.0
312,21,18.0
314,21,113.0
320,21,8718.0
321,21,26.0
326,21,4.0
327,21,270.0
328,21,17.0
329,21,71.0
330,21,36.0
331,21,159.0
333,21,17830.0
336,21,28.0
337,21,10.0
338,21,6.0
339,21,55.0
346,21,200.0
347,21,326.0
350,21,9.0
352,21,1.0
356,21,5.0
357,21,114.0
362,21,432.0
363,21,85.0
367,21,17.0
368,21,95.0
372,21,21.0
374,21,100.0
375,21,43.0
377,21,10.0
379,21,2.0
380,21,11.0
381,21,87.0
386,21,7.0
387,21,1.0
388,21,43.0
389,21,79.0
390,21,31.0
394,21,2.0
395,21,103.0
396,21,4.0
398,21,47.0
399,21,36.0
404,21,43.0
405,21,59.0
406,21,102.0
408,21,446.0
416,21,265.0
417,21,7.0
418,21,25.0
422,21,66.0
423,21,5.0
427,21,1.0
431,21,790.0
432,21,57.0
434,21,12.0
439,21,21.0
441,21,787.0
444,21,25.0
445,21,9.0
449,21,23.0
450,21,260.0
453,21,49.0
454,21,119.0
458,21,3.0
459,21,95.0
460,21,47.0
461,21,34.0
462,21,157.0
463,21,111.0
464,21,89.0
465,21,295.0
467,21,11.0
470,21,34.0
471,21,235.0
472,21,3.0
476,21,20.0
477,21,50.0
478,21,4.0
480,21,158.0
481,21,28.0
482,21,40.0
484,21,6.0
485,21,1451.0
487,21,4.0
489,21,65.0
490,21,42.0
494,21,100.0
495,21,52.0
497,21,10.0
498,21,29.0
499,21,18.0
500,21,135.0
502,21,16.0
504,21,1061.0
506,21,15.0
507,21,14.0
508,21,1.0
514,21,183.0
515,21,34.0
516,21,300.0
518,21,23.0
519,21,12.0
520,21,14.0
522,21,2.0
525,21,204.0
526,21,935.0
530,21,100.0
531,21,763.0
532,21,8.0
534,21,63.0
535,21,70.0
536,21,206.0
537,21,111.0
538,21,50.0
540,21,90.0
542,21,40.0
544,21,15.0
545,21,4.0
546,21,3.0
547,21,32.0
548,21,17.0
549,21,200.0
550,21,50.0
552,21,47.0
553,21,70.0
555,21,420.0
556,21,23.0
558,21,41.0
562,21,13.0
563,21,1.0
564,21,2.0
565,21,30.0
571,21,20.0
574,21,1490.0
575,21,6900.0
579,21,2.0
592,21,10.0
605,21,200.0
619,21,692.0
622,21,10400.0
624,21,96.0
630,21,109.0
631,21,264.0
632,21,27.0
633,21,48.0
634,21,27.0
638,21,71.0
640,21,12.0
641,21,180.0
654,21,143.0
655,21,167.0
660,21,2588.0
662,21,4.0
664,21,1741.0
667,21,315.0
669,21,167.0
671,21,154.0
673,21,100.0
674,21,10.0
679,21,3.0
681,21,1.0
682,21,29.0
683,21,1.0
687,21,52.0
692,21,40.0
695,21,2.0
700,21,429.0
703,21,1000.0
704,21,1000.0
706,21,100.0
707,21,3.0
709,21,600.0
710,21,46.0
711,21,204.0
712,21,40.0
714,21,13.0
716,21,2.0
717,21,450.0
718,21,181.0
721,21,65.0
722,21,17.0
723,21,33.0
724,21,96.0
725,21,9.0
726,21,17.0
728,21,112.0
729,21,123.0
732,21,168.0
733,21,34.0
734,21,173.0
736,21,175.0
738,21,52.0
739,21,34.0
740,21,54.0
742,21,208.0
743,21,19.0
744,21,60.0
745,21,90.0
746,21,267.0
747,21,221.0
748,21,18.0
749,21,34.0
751,21,25.0
752,21,111.0
753,21,4.0
755,21,129.0
757,21,862.0
758,21,15.0
759,21,30.0
760,21,354.0
761,21,75.0
762,21,90.0
764,21,6.0
765,21,12.0
766,21,23.0
768,21,11.0
769,21,49.0
770,21,37.0
771,21,1.0
772,21,41.0
773,21,459.0
775,21,432.0
776,21,1900.0
777,21,51.0
781,21,4.0
783,21,341.0
787,21,811.0
788,21,5.0
789,21,54.0
791,21,2.0
792,21,116.0
795,21,131.0
796,21,190.0
800,21,300.0
801,21,700.0
803,21,47.0
804,21,162.0
805,21,300.0
807,21,123.0
808,21,1600.0
810,21,249.0
815,21,734.0
816,21,26.0
817,21,259.0
819,21,76.0
820,21,29.0
822,21,15.0
823,21,18.0
824,21,78.0
825,21,50.0
826,21,530.0
829,21,24.0
830,21,72.0
831,21,64.0
834,21,45.0
835,21,76.0
836,21,33.0
837,21,92.0
838,21,103.0
840,21,83.0
841,21,28.0
842,21,205.0
843,21,106.0
844,21,66.0
845,21,38.0
846,21,35.0
848,21,70.0
851,21,1.0
852,21,58.0
855,21,39.0
856,21,176.0
858,21,331.0
859,21,304.0
860,21,66.0
863,21,9.0
866,21,65.0
867,21,5.0
869,21,52.0
870,21,2.0
871,21,121.0
872,21,1500.0
874,21,74.0
876,21,21.0
877,21,61.0
85,22,676.0
549,22,7.0
804,22,533.0
808,22,695.0
872,22,473.0
86,23,14.0
175,23,49.0
275,23,2.0
280,23,6.0
286,23,15.0
293,23,214.0
294,23,278.0
295,23,8.0
296,23,5.0
297,23,61.0
302,23,13.0
307,23,35.0
308,23,39.0
309,23,167.0
327,23,58.0
329,23,13.0
339,23,29.0
344,23,28.0
350,23,11.0
352,23,2.0
356,23,5.0
367,23,55.0
375,23,132.0
379,23,2.0
380,23,7.0
388,23,106.0
396,23,4.0
397,23,90.0
404,23,2.0
418,23,82.0
431,23,970.0
432,23,248.0
434,23,15.0
453,23,25.0
454,23,66.0
458,23,1.0
459,23,114.0
460,23,72.0
461,23,68.0
462,23,119.0
463,23,70.0
464,23,188.0
465,23,83.0
472,23,4.0
476,23,1217.0
478,23,8.0
480,23,328.0
481,23,31.0
482,23,10.0
484,23,27.0
487,23,9.0
494,23,128.0
495,23,32.0
498,23,6.0
504,23,2798.0
506,23,2.0
508,23,1.0
514,23,50.0
515,23,41.0
525,23,14.0
526,23,935.0
530,23,130.0
531,23,2305.0
532,23,5.0
537,23,39.0
538,23,125.0
544,23,1.0
545,23,6.0
546,23,7.0
547,23,5.0
548,23,12.0
549,23,25.0
571,23,160.0
574,23,2739.0
579,23,2.0
617,23,15.0
619,23,3.0
631,23,7.0
633,23,36.0
641,23,1.0
655,23,41.0
660,23,1.0
664,23,1.0
671,23,1.0
692,23,2.0
710,23,9.0
722,23,33.0
723,23,3.0
725,23,1.0
729,23,33.0
732,23,1.0
734,23,10.0
736,23,3.0
738,23,3.0
749,23,17.0
755,23,20.0
757,23,1.0
760,23,1.0
773,23,2.0
787,23,1.0
795,23,20.0
796,23,1.0
816,23,1.0
855,23,12.0
858,23,1.0
860,23,1.0
862,23,22.0
866,23,20.0
5,24,30.0
11,24,139.0
16,24,1300.0
18,24,1.0
24,24,52.0
31,24,1.0
39,24,1.0
40,24,14.0
42,24,288.0
44,24,207.0
58,24,1.0
63,24,6.0
66,24,56.0
67,24,212.0
85,24,233.0
86,24,964.0
98,24,6.0
99,24,61.0
101,24,67.0
121,24,311.0
126,24,20.0
130,24,25.0
133,24,1.0
138,24,801.0
140,24,174.0
141,24,10.0
148,24,10.0
151,24,4.0
152,24,2.0
159,24,125.0
162,24,1.0
169,24,9.0
170,24,200.0
171,24,1.0
175,24,15.0
177,24,10.0
179,24,359.0
205,24,129.0
206,24,7.0
246,24,15.0
270,24,30.0
274,24,1.0
275,24,31.0
285,24,1.0
286,24,14.0
289,24,14.0
293,24,721.0
294,24,1039.0
295,24,153.0
296,24,22.0
297,24,114.0
299,24,57.0
301,24,2757.0
302,24,638.0
307,24,138.0
308,24,277.0
309,24,340.0
317,24,6.0
327,24,71.0
329,24,21.0
333,24,46.0
336,24,10.0
339,24,19.0
341,24,9.0
344,24,24.0
347,24,2.0
350,24,86.0
352,24,36.0
356,24,3.0
357,24,81.0
362,24,3000.0
367,24,9.0
368,24,10.0
372,24,10.0
375,24,2237.0
377,24,29.0
379,24,5.0
380,24,133.0
381,24,131.0
387,24,5.0
388,24,278.0
390,24,12.0
397,24,122.0
399,24,13.0
403,24,93.0
404,24,27.0
405,24,2.0
406,24,43.0
408,24,255.0
418,24,23.0
431,24,15020.0
432,24,1359.0
434,24,49.0
439,24,13.0
441,24,1164.0
444,24,80.0
449,24,1.0
450,24,93.0
453,24,28.0
454,24,112.0
458,24,41.0
459,24,1421.0
460,24,449.0
461,24,184.0
462,24,250.0
463,24,471.0
464,24,468.0
465,24,223.0
470,24,72.0
471,24,710.0
472,24,5.0
476,24,4847.0
478,24,50.0
480,24,1105.0
481,24,266.0
482,24,190.0
484,24,69.0
485,24,352.0
487,24,21.0
489,24,19.0
494,24,54.0
495,24,14.0
497,24,5.0
498,24,377.0
500,24,11.0
504,24,3859.0
506,24,3.0
508,24,10.0
511,24,8.0
514,24,104.0
515,24,30.0
518,24,303.0
522,24,8.0
525,24,22.0
526,24,10422.0
530,24,780.0
531,24,13625.0
532,24,27.0
534,24,1.0
535,24,8.0
536,24,1890.0
537,24,57.0
538,24,325.0
544,24,7.0
545,24,44.0
546,24,1.0
547,24,10.0
548,24,60.0
549,24,24.0
552,24,11.0
555,24,10.0
556,24,1.0
563,24,9.0
564,24,20.0
574,24,1332.0
575,24,10.0
579,24,31.0
605,24,100.0
619,24,129.0
622,24,400.0
624,24,100.0
625,24,95.0
630,24,1.0
631,24,177.0
632,24,2.0
633,24,27.0
641,24,2.0
654,24,3.0
655,24,25.0
660,24,75.0
662,24,1.0
664,24,51.0
667,24,100.0
669,24,31.0
671,24,171.0
673,24,103.0
674,24,130.0
681,24,18.0
687,24,40.0
692,24,40.0
695,24,10.0
700,24,164.0
703,24,1000.0
704,24,1100.0
707,24,1.0
709,24,18.0
710,24,2.0
717,24,28.0
718,24,25.0
721,24,12.0
722,24,309.0
723,24,20.0
724,24,23.0
725,24,72.0
728,24,34.0
729,24,32.0
732,24,46.0
733,24,15.0
734,24,37.0
736,24,3.0
738,24,17.0
739,24,76.0
740,24,5.0
742,24,32.0
744,24,15.0
745,24,30.0
746,24,63.0
747,24,62.0
749,24,36.0
752,24,42.0
753,24,63.0
755,24,33.0
757,24,31.0
759,24,9.0
760,24,68.0
761,24,10.0
762,24,93.0
773,24,69.0
776,24,110.0
783,24,61.0
787,24,26.0
788,24,1.0
789,24,28.0
795,24,5.0
796,24,259.0
801,24,1000.0
803,24,11.0
804,24,37.0
805,24,134.0
807,24,3.0
808,24,600.0
810,24,14.0
816,24,13.0
817,24,102.0
820,24,27.0
825,24,30.0
830,24,24.0
831,24,3.0
834,24,21.0
835,24,7.0
836,24,8.0
837,24,2.0
838,24,2.0
840,24,4.0
842,24,12.0
844,24,25.0
846,24,1.0
848,24,170.0
852,24,20.0
855,24,4.0
856,24,7.0
858,24,56.0
859,24,82.0
860,24,19.0
862,24,109.0
863,24,4.0
866,24,57.0
867,24,10.0
869,24,5.0
870,24,134.0
872,24,133.0
874,24,19.0
876,24,13.0
8,25,22.0
16,25,38.0
66,25,4.0
86,25,5.0
101,25,34.0
126,25,2.0
138,25,404.0
148,25,4.0
175,25,10.0
179,25,18.0
270,25,1.0
274,25,7.0
275,25,1.0
295,25,4.0
302,25,13.0
329,25,41.0
379,25,1.0
380,25,4.0
404,25,6.0
431,25,200.0
434,25,4.0
444,25,70.0
454,25,40.0
458,25,37.0
460,25,18.0
461,25,25.0
462,25,22.0
463,25,39.0
464,25,20.0
465,25,62.0
472,25,1.0
476,25,240.0
498,25,18.0
506,25,1.0
508,25,1.0
514,25,18.0
522,25,1.0
530,25,20.0
544,25,4.0
546,25,3.0
548,25,5.0
549,25,16.0
619,25,33.0
631,25,9.0
633,25,18.0
654,25,4.0
655,25,25.0
660,25,3.0
664,25,2.0
671,25,27.0
673,25,6.0
692,25,10.0
709,25,1.0
718,25,4.0
723,25,3.0
725,25,2.0
728,25,2.0
729,25,2.0
732,25,4.0
736,25,2.0
738,25,1.0
742,25,12.0
745,25,2.0
746,25,7.0
749,25,2.0
753,25,18.0
756,25,1.0
757,25,2.0
760,25,7.0
762,25,12.0
773,25,7.0
787,25,4.0
795,25,55.0
796,25,13.0
805,25,78.0
816,25,1.0
820,25,13.0
834,25,1.0
836,25,2.0
844,25,9.0
852,25,3.0
855,25,2.0
858,25,27.0
859,25,45.0
860,25,3.0
863,25,2.0
866,25,27.0
872,25,4.0
16,26,2.0
86,26,1.0
101,26,77.0
175,26,3.0
295,26,5.0
329,26,4.0
379,26,1.0
380,26,3.0
404,26,6.0
434,26,3.0
444,26,14.0
454,26,7.0
460,26,8.0
463,26,15.0
498,26,17.0
506,26,1.0
508,26,1.0
522,26,1.0
546,26,2.0
548,26,5.0
549,26,3.0
619,26,3.0
631,26,1.0
633,26,1.0
655,26,1.0
671,26,3.0
692,26,1.0
732,26,1.0
736,26,1.0
738,26,1.0
773,26,1.0
820,26,2.0
834,26,2.0
844,26,2.0
858,26,4.0
859,26,7.0
16,27,3.0
86,27,2.0
101,27,26.0
175,27,16.0
179,27,9.0
274,27,3.0
275,27,1.0
295,27,3.0
329,27,56.0
379,27,1.0
380,27,5.0
404,27,6.0
434,27,2.0
444,27,10.0
454,27,20.0
460,27,4.0
463,27,10.0
472,27,2.0
498,27,6.0
506,27,18.0
508,27,2.0
522,27,1.0
544,27,1.0
546,27,3.0
548,27,2.0
549,27,7.0
619,27,46.0
631,27,33.0
633,27,22.0
654,27,3.0
655,27,8.0
664,27,20.0
671,27,15.0
692,27,1.0
728,27,3.0
732,27,11.0
736,27,6.0
738,27,5.0
745,27,1.0
757,27,2.0
773,27,14.0
816,27,4.0
820,27,4.0
844,27,2.0
855,27,11.0
858,27,4.0
859,27,12.0
860,27,5.0
863,27,2.0
872,27,1.0
16,28,38.0
86,28,3.0
101,28,103.0
130,28,16.0
138,28,353.0
140,28,5.0
175,28,19.0
179,28,9.0
274,28,3.0
275,28,1.0
295,28,8.0
302,28,50.0
329,28,60.0
379,28,2.0
380,28,8.0
404,28,10.0
431,28,100.0
434,28,5.0
444,28,24.0
454,28,27.0
460,28,13.0
461,28,10.0
463,28,25.0
464,28,30.0
465,28,18.0
472,28,2.0
476,28,183.0
498,28,23.0
506,28,1.0
508,28,2.0
514,28,28.0
522,28,3.0
530,28,7.0
544,28,1.0
546,28,3.0
548,28,7.0
549,28,10.0
619,28,49.0
631,28,41.0
632,28,3.0
633,28,23.0
641,28,2.0
654,28,3.0
655,28,8.0
660,28,5.0
664,28,2.0
671,28,13.0
692,28,4.0
710,28,3.0
723,28,10.0
728,28,3.0
729,28,10.0
732,28,11.0
733,28,5.0
736,28,7.0
738,28,6.0
739,28,10.0
740,28,3.0
742,28,5.0
745,28,1.0
755,28,4.0
757,28,2.0
759,28,3.0
773,28,15.0
816,28,4.0
820,28,6.0
834,28,2.0
844,28,3.0
855,28,6.0
858,28,9.0
859,28,20.0
860,28,5.0
863,28,2.0
867,28,5.0
870,28,9.0
872,28,1.0
5,29,42.0
16,29,38.0
32,29,1.0
39,29,2.0
63,29,13.0
66,29,131.0
86,29,10.0
126,29,20.0
140,29,5.0
149,29,3.0
175,29,2.0
177,29,3.0
179,29,109.0
205,29,1.0
270,29,3.0
274,29,14.0
275,29,4.0
285,29,1.0
286,29,43.0
293,29,60.0
294,29,183.0
295,29,9.0
296,29,26.0
297,29,89.0
302,29,33.0
307,29,70.0
308,29,43.0
317,29,96.0
327,29,152.0
329,29,149.0
339,29,55.0
344,29,39.0
346,29,100.0
350,29,92.0
352,29,13.0
356,29,2.0
357,29,224.0
362,29,95.0
367,29,7.0
371,29,246.0
375,29,61.0
377,29,33.0
379,29,9.0
380,29,14.0
387,29,5.0
388,29,69.0
395,29,1.0
396,29,12.0
399,29,2.0
403,29,64.0
404,29,26.0
418,29,96.0
431,29,720.0
432,29,96.0
434,29,15.0
439,29,28.0
444,29,21.0
450,29,9.0
453,29,55.0
454,29,109.0
458,29,11.0
459,29,104.0
460,29,14.0
461,29,30.0
462,29,133.0
463,29,28.0
464,29,147.0
465,29,267.0
470,29,166.0
471,29,297.0
472,29,5.0
476,29,1343.0
478,29,193.0
480,29,92.0
481,29,108.0
482,29,50.0
484,29,106.0
487,29,49.0
494,29,62.0
495,29,103.0
497,29,79.0
498,29,70.0
501,29,66.0
504,29,675.0
506,29,6.0
507,29,58.0
508,29,5.0
511,29,9.0
514,29,223.0
515,29,78.0
522,29,15.0
525,29,14.0
526,29,935.0
530,29,150.0
531,29,289.0
532,29,154.0
535,29,100.0
537,29,144.0
538,29,81.0
544,29,11.0
545,29,9.0
546,29,15.0
547,29,45.0
548,29,15.0
549,29,50.0
555,29,140.0
563,29,9.0
564,29,21.0
571,29,120.0
574,29,1169.0
575,29,5.0
579,29,46.0
592,29,31.0
619,29,61.0
624,29,113.0
625,29,107.0
631,29,58.0
633,29,188.0
641,29,14.0
654,29,14.0
655,29,14.0
660,29,65.0
664,29,10.0
669,29,32.0
671,29,65.0
673,29,1.0
674,29,250.0
683,29,1.0
687,29,26.0
692,29,10.0
695,29,5.0
704,29,100.0
709,29,148.0
718,29,4.0
721,29,1.0
722,29,505.0
723,29,23.0
725,29,20.0
726,29,52.0
728,29,5.0
729,29,20.0
732,29,21.0
733,29,5.0
736,29,4.0
738,29,9.0
739,29,10.0
740,29,28.0
742,29,12.0
745,29,1.0
746,29,4.0
749,29,13.0
751,29,1.0
757,29,32.0
759,29,2.0
760,29,5.0
762,29,75.0
773,29,32.0
776,29,27.0
787,29,15.0
795,29,2.0
796,29,10.0
805,29,18.0
807,29,16.0
816,29,3.0
817,29,56.0
820,29,13.0
829,29,3.0
831,29,12.0
834,29,3.0
835,29,36.0
836,29,3.0
840,29,20.0
844,29,9.0
846,29,3.0
852,29,3.0
855,29,7.0
856,29,37.0
858,29,11.0
859,29,29.0
860,29,7.0
866,29,5.0
867,29,5.0
870,29,9.0
302,30,120.0
431,30,280.0
461,30,20.0
462,30,22.0
463,30,10.0
464,30,20.0
476,30,350.0
514,30,5.0
530,30,10.0
5,31,52.0
8,31,28.0
11,31,197.0
16,31,1320.0
31,31,1.0
34,31,6.0
40,31,55.0
42,31,289.0
44,31,160.0
58,31,26.0
66,31,3.0
70,31,9.0
85,31,17.0
86,31,600.0
98,31,14.0
101,31,38.0
121,31,129.0
126,31,15.0
131,31,28.0
138,31,74.0
140,31,43.0
147,31,1.0
148,31,2.0
159,31,387.0
170,31,71.0
175,31,380.0
177,31,4.0
179,31,175.0
205,31,3.0
270,31,2.0
274,31,100.0
275,31,394.0
289,31,18.0
295,31,1.0
329,31,3.0
331,31,2.0
333,31,32.0
341,31,4.0
346,31,193.0
374,31,15.0
380,31,1.0
389,31,4.0
404,31,1.0
434,31,1.0
444,31,4.0
450,31,30.0
454,31,3.0
460,31,2.0
463,31,3.0
465,31,11.0
472,31,1.0
489,31,8.0
498,31,9.0
500,31,7.0
506,31,83.0
522,31,1.0
526,31,336.0
531,31,112.0
535,31,3.0
536,31,616.0
546,31,5.0
549,31,98.0
575,31,33.0
619,31,48.0
631,31,37.0
632,31,2.0
633,31,4.0
641,31,6.0
654,31,44.0
655,31,14.0
660,31,398.0
664,31,300.0
671,31,14.0
673,31,4.0
692,31,11.0
697,31,101.0
698,31,3653.0
707,31,12.0
709,31,93.0
710,31,2.0
717,31,56.0
721,31,47.0
724,31,40.0
725,31,33.0
728,31,16.0
729,31,8.0
732,31,15.0
733,31,19.0
734,31,60.0
736,31,34.0
738,31,5.0
739,31,67.0
740,31,2.0
742,31,12.0
744,31,9.0
745,31,17.0
746,31,33.0
747,31,9.0
749,31,6.0
753,31,10.0
755,31,5.0
757,31,3.0
759,31,12.0
760,31,36.0
762,31,3.0
773,31,29.0
787,31,42.0
788,31,1.0
796,31,641.0
804,31,365.0
805,31,33.0
807,31,16.0
808,31,367.0
810,31,7.0
816,31,2.0
820,31,3.0
825,31,40.0
830,31,8.0
834,31,7.0
835,31,59.0
836,31,4.0
837,31,1.0
842,31,5.0
844,31,17.0
852,31,35.0
855,31,2.0
856,31,3.0
858,31,12.0
859,31,20.0
860,31,6.0
863,31,9.0
866,31,7.0
867,31,5.0
869,31,5.0
870,31,4.0
872,31,99.0
874,31,6.0
876,31,27.0
16,32,109.0
86,32,3.0
101,32,18.0
175,32,6.0
179,32,18.0
270,32,4.0
275,32,3.0
295,32,28.0
329,32,3.0
379,32,2.0
380,32,14.0
404,32,3.0
434,32,10.0
444,32,1.0
454,32,17.0
460,32,45.0
463,32,70.0
472,32,1.0
498,32,48.0
506,32,1.0
508,32,1.0
522,32,1.0
546,32,2.0
549,32,3.0
619,32,6.0
631,32,1.0
654,32,3.0
655,32,2.0
664,32,34.0
671,32,118.0
692,32,1.0
725,32,2.0
728,32,1.0
732,32,2.0
736,32,6.0
746,32,3.0
757,32,2.0
773,32,2.0
787,32,2.0
796,32,27.0
804,32,141.0
816,32,1.0
820,32,1.0
834,32,3.0
852,32,2.0
858,32,2.0
859,32,1.0
863,32,1.0
872,32,26.0
16,33,1.0
66,33,1.0
101,33,11.0
175,33,5.0
274,33,1.0
275,33,1.0
341,33,2.0
454,33,1.0
460,33,1.0
463,33,2.0
548,33,1.0
549,33,3.0
654,33,1.0
736,33,3.0
745,33,1.0
746,33,1.0
820,33,1.0
858,33,1.0
16,34,114.0
18,34,1.0
26,34,20.0
31,34,1.0
66,34,1.0
79,34,12.0
86,34,29.0
99,34,91.0
101,34,29.0
133,34,4.0
140,34,5.0
170,34,65.0
175,34,11.0
179,34,18.0
205,34,1.0
206,34,37.0
270,34,1.0
274,34,1.0
275,34,1.0
286,34,38.0
293,34,840.0
294,34,1407.0
295,34,29.0
296,34,10.0
297,34,18.0
302,34,239.0
307,34,26.0
308,34,237.0
309,34,492.0
317,34,3.0
327,34,402.0
329,34,8.0
339,34,45.0
341,34,2.0
344,34,10.0
347,34,19.0
352,34,1.0
356,34,9.0
357,34,119.0
367,34,115.0
375,34,1968.0
377,34,7.0
379,34,2.0
380,34,14.0
388,34,414.0
397,34,213.0
399,34,20.0
404,34,2.0
406,34,115.0
408,34,93.0
418,34,31.0
431,34,5850.0
432,34,1492.0
434,34,10.0
439,34,5.0
444,34,1.0
450,34,83.0
453,34,1.0
454,34,138.0
458,34,16.0
459,34,1304.0
460,34,47.0
461,34,320.0
462,34,146.0
463,34,72.0
464,34,301.0
465,34,279.0
470,34,50.0
471,34,1624.0
472,34,1.0
476,34,640.0
480,34,1287.0
481,34,310.0
482,34,80.0
485,34,264.0
494,34,23.0
498,34,48.0
501,34,49.0
504,34,3376.0
506,34,30.0
508,34,1.0
511,34,9.0
514,34,25.0
515,34,4.0
518,34,2.0
522,34,1.0
525,34,12.0
526,34,7328.0
530,34,250.0
531,34,20613.0
534,34,11.0
536,34,233.0
538,34,485.0
544,34,6.0
545,34,7.0
546,34,22.0
547,34,18.0
548,34,1.0
549,34,40.0
553,34,13.0
562,34,76.0
574,34,352.0
579,34,7.0
619,34,6.0
625,34,107.0
631,34,1.0
633,34,9.0
641,34,5.0
654,34,4.0
655,34,2.0
660,34,1.0
664,34,49.0
671,34,28.0
673,34,239.0
681,34,14.0
692,34,32.0
700,34,517.0
718,34,7.0
722,34,114.0
725,34,2.0
728,34,1.0
729,34,7.0
732,34,2.0
736,34,8.0
740,34,1.0
745,34,1.0
746,34,4.0
749,34,10.0
755,34,4.0
757,34,1.0
773,34,2.0
787,34,2.0
789,34,109.0
796,34,27.0
804,34,141.0
807,34,32.0
816,34,1.0
820,34,1.0
834,34,3.0
835,34,1.0
852,34,2.0
856,34,1.0
858,34,2.0
859,34,1.0
862,34,51.0
863,34,1.0
872,34,26.0
66,35,6.0
86,35,3.0
101,35,15.0
126,35,1.0
175,35,1.0
177,35,2.0
179,35,61.0
275,35,3.0
295,35,1.0
302,35,160.0
329,35,7.0
379,35,1.0
380,35,1.0
404,35,2.0
431,35,160.0
434,35,2.0
444,35,8.0
454,35,7.0
460,35,1.0
461,35,4.0
463,35,5.0
464,35,20.0
472,35,1.0
476,35,170.0
498,35,29.0
506,35,7.0
514,35,28.0
522,35,2.0
530,35,7.0
544,35,5.0
546,35,2.0
548,35,1.0
549,35,9.0
619,35,16.0
631,35,8.0
633,35,13.0
654,35,5.0
655,35,4.0
660,35,3.0
671,35,13.0
692,35,1.0
709,35,3.0
728,35,3.0
732,35,5.0
736,35,1.0
738,35,2.0
742,35,3.0
744,35,4.0
745,35,2.0
746,35,3.0
757,35,8.0
773,35,8.0
787,35,2.0
795,35,20.0
796,35,5.0
816,35,2.0
820,35,6.0
834,35,2.0
836,35,5.0
844,35,9.0
852,35,2.0
858,35,4.0
859,35,8.0
860,35,2.0
863,35,4.0
4,36,18.0
16,36,164.0
39,36,1.0
63,36,6.0
175,36,1.0
179,36,193.0
270,36,2.0
274,36,4.0
275,36,2.0
280,36,41.0
286,36,31.0
293,36,55.0
294,36,212.0
295,36,10.0
296,36,22.0
297,36,41.0
302,36,40.0
307,36,22.0
308,36,125.0
309,36,62.0
317,36,26.0
327,36,82.0
329,36,100.0
339,36,53.0
344,36,6.0
350,36,86.0
352,36,6.0
356,36,9.0
357,36,144.0
362,36,74.0
367,36,29.0
371,36,202.0
375,36,146.0
377,36,10.0
379,36,5.0
380,36,16.0
388,36,104.0
397,36,17.0
403,36,18.0
404,36,6.0
418,36,99.0
431,36,3440.0
432,36,172.0
434,36,23.0
439,36,14.0
444,36,6.0
453,36,18.0
454,36,79.0
458,36,1.0
459,36,169.0
460,36,47.0
461,36,79.0
462,36,232.0
463,36,143.0
464,36,73.0
465,36,287.0
470,36,101.0
471,36,61.0
472,36,3.0
476,36,5613.0
478,36,76.0
480,36,84.0
481,36,109.0
482,36,80.0
484,36,74.0
487,36,65.0
494,36,45.0
495,36,73.0
497,36,33.0
498,36,141.0
501,36,66.0
504,36,207.0
506,36,48.0
507,36,38.0
508,36,4.0
514,36,163.0
515,36,18.0
522,36,4.0
525,36,5.0
526,36,1010.0
527,36,89.0
530,36,140.0
531,36,112.0
532,36,34.0
537,36,84.0
538,36,123.0
540,36,49.0
544,36,7.0
545,36,4.0
546,36,3.0
547,36,10.0
548,36,28.0
549,36,108.0
555,36,30.0
571,36,120.0
574,36,4915.0
579,36,21.0
584,36,98.0
587,36,21.0
591,36,611.0
592,36,7.0
593,36,31.0
595,36,162.0
597,36,33.0
598,36,17.0
599,36,92.0
600,36,152.0
606,36,20.0
612,36,6.0
617,36,99.0
618,36,32.0
619,36,75.0
624,36,44.0
631,36,21.0
633,36,91.0
654,36,4.0
655,36,4.0
660,36,1.0
671,36,12.0
692,36,8.0
722,36,229.0
723,36,43.0
726,36,12.0
728,36,2.0
732,36,6.0
736,36,1.0
738,36,9.0
742,36,4.0
745,36,4.0
757,36,2.0
762,36,8.0
773,36,6.0
795,36,4.0
816,36,1.0
820,36,3.0
844,36,1.0
855,36,3.0
858,36,3.0
859,36,8.0
860,36,3.0
862,36,27.0
872,36,6.0
8,37,9.0
31,37,1.0
66,37,5.0
86,37,4.0
101,37,50.0
126,37,1.0
170,37,35.0
175,37,5.0
270,37,4.0
274,37,10.0
275,37,4.0
295,37,14.0
302,37,100.0
329,37,3.0
379,37,4.0
380,37,17.0
404,37,1.0
431,37,130.0
434,37,11.0
444,37,3.0
450,37,17.0
454,37,17.0
460,37,34.0
461,37,20.0
462,37,36.0
463,37,10.0
464,37,70.0
472,37,1.0
476,37,80.0
482,37,10.0
498,37,75.0
506,37,1.0
508,37,5.0
514,37,5.0
522,37,8.0
536,37,18.0
546,37,2.0
549,37,3.0
619,37,4.0
631,37,1.0
655,37,1.0
664,37,17.0
671,37,4.0
673,37,16.0
728,37,1.0
732,37,1.0
736,37,4.0
742,37,1.0
744,37,1.0
745,37,9.0
746,37,9.0
756,37,3.0
757,37,13.0
773,37,1.0
787,37,1.0
796,37,6.0
816,37,1.0
820,37,2.0
834,37,1.0
844,37,1.0
858,37,1.0
859,37,3.0
872,37,1.0
4,38,60.468451243
5,38,45.650095602
7,38,37.76290631
8,38,349.426386233
11,38,598.948374761
12,38,54.732313576
13,38,321.223709369
16,38,588.671128107
17,38,72.0
18,38,104.684512428
19,38,295.0
21,38,23.661567878
22,38,369.024856597
23,38,27.963671128
24,38,680.449330784
25,38,43.0
26,38,21.0
28,38,33.699808795
31,38,27.724665392
32,38,46.845124283
33,38,25.334608031
34,38,35.372848948
36,38,26.290630975
37,38,136.0
38,38,229.684512428
39,38,23.0
40,38,26.768642447
41,38,49.713193117
42,38,884.321223709
43,38,333.0
44,38,709.847036329
45,38,182.839388145
47,38,368.068833652
48,38,14.101338432
49,38,24.617590822
53,38,41.347992352
54,38,36.567877629
55,38,38.0
56,38,61.424474187
57,38,205.066921606
58,38,396.749521989
61,38,340.822179732
63,38,310.0
64,38,36.328871893
65,38,74.569789675
66,38,104.684512428
67,38,375.0
68,38,354.0
69,38,60.707456979
70,38,99.0
71,38,46.128107075
245,38,41.826003824
73,38,70.0
74,38,311.0
76,38,48.996175908
79,38,357.313575526
81,38,260.994263862
82,38,322.896749522
83,38,223.231357553
85,38,410.611854685
86,38,884.321223709
88,38,340.105162524
91,38,19.0
92,38,71.223709369
95,38,22.227533461
97,38,313.0
98,38,339.866156788
99,38,23.661567878
101,38,884.321223709
103,38,70.984703633
105,38,246.175908222
106,38,67.399617591
112,38,44.0
113,38,70.0
115,38,30.0
117,38,43.0
118,38,500.239005736
119,38,233.0
121,38,884.321223709
122,38,271.0
124,38,265.0
125,38,396.03250478
126,38,373.804971319
127,38,543.260038241
128,38,87.715105163
129,38,62.619502868
130,38,182.839388145
131,38,55.449330784
133,38,113.0
135,38,329.110898662
137,38,337.0
138,38,705.783938815
140,38,567.877629063
141,38,75.047801147
142,38,16.0
144,38,66.443594646
145,38,63.0
146,38,50.0
147,38,42.782026769
148,38,529.158699809
149,38,74.808795411
150,38,42.304015296
151,38,75.286806883
152,38,71.701720841
153,38,11.472275335
154,38,25.812619503
156,38,241.395793499
157,38,43.021032505
158,38,14.579349904
159,38,331.0
161,38,51.0
162,38,91.0
164,38,21.03250478
165,38,315.0
167,38,272.0
169,38,337.476099426
170,38,884.321223709
171,38,88.671128107
174,38,19.598470363
175,38,351.099426386
177,38,339.0
178,38,20.554493308
179,38,274.0
180,38,259.560229446
181,38,49.47418738
183,38,276.0
186,38,323.0
192,38,46.0
193,38,48.040152964
194,38,155.592734226
195,38,288.0
198,38,135.755258126
199,38,341.0
200,38,33.938814532
203,38,57.0
205,38,365.200764818
206,38,82.456978967
208,38,81.739961759
224,38,60.0
234,38,82.0
237,38,20.554493308
241,38,34.0
242,38,339.0
243,38,348.0
246,38,336.0
252,38,14.579349904
256,38,43.021032505
268,38,45.17208413
270,38,372.848948375
274,38,136.950286807
275,38,430.68833652
277,38,232.791586998
280,38,105.0
281,38,69.0
282,38,32.0
283,38,387.0
284,38,40.0
285,38,26.0
286,38,84.0
287,38,406.787762906
288,38,263.0
289,38,23.0
290,38,99.0
291,38,65.0
293,38,158.0
294,38,205.0
295,38,79.0
296,38,92.0
297,38,89.388145315
298,38,25.334608031
299,38,97.0
301,38,576.0
302,38,327.0
305,38,82.0
307,38,86.0
308,38,144.0
309,38,124.0
311,38,870.0
312,38,103.0
314,38,22.0
317,38,70.984703633
318,38,14.0
319,38,146.0
320,38,612.0
321,38,45.0
322,38,14.0
323,38,17.0
325,38,62.0
326,38,222.0
327,38,127.0
328,38,159.177820268
329,38,95.0
330,38,18.642447419
331,38,79.110898662
332,38,25.095602294
333,38,486.0
336,38,224.0
337,38,97.0
338,38,24.0
339,38,98.0
340,38,79.0
341,38,677.103250478
344,38,80.783938815
345,38,21.0
346,38,884.321223709
347,38,343.0
349,38,55.0
350,38,104.0
351,38,87.0
352,38,79.0
354,38,97.0
355,38,22.0
356,38,85.0
357,38,119.0
360,38,147.0
362,38,184.0
363,38,181.166347992
366,38,150.0
367,38,131.0
368,38,213.0
369,38,93.212237094
370,38,103.0
371,38,164.0
372,38,182.0
374,38,64.053537285
375,38,188.336520076
376,38,41.108986616
377,38,92.0
379,38,197.657743786
380,38,91.0
381,38,597.992351816
386,38,46.0
387,38,49.0
388,38,156.0
389,38,95.0
390,38,360.0
392,38,65.487571702
393,38,79.0
394,38,34.0
395,38,32.265774379
396,38,43.0
397,38,105.0
398,38,65.248565966
399,38,43.0
400,38,83.0
402,38,82.217973231
403,38,85.0
404,38,77.0
405,38,50.191204589
406,38,332.0
408,38,371.0
409,38,19.0
410,38,51.0
411,38,73.0
412,38,135.0
413,38,148.0
414,38,76.0
416,38,343.0
417,38,67.0
418,38,117.0
422,38,14.0
423,38,16.0
424,38,79.0
425,38,56.0
426,38,28.0
427,38,30.592734226
431,38,894.0
432,38,195.0
434,38,90.0
437,38,127.0
439,38,87.715105163
440,38,719.0
441,38,629.0
442,38,33.0
444,38,133.365200765
445,38,23.0
448,38,156.0
449,38,38.479923518
450,38,368.0
453,38,97.0
454,38,134.082217973
455,38,25.0
456,38,231.596558317
457,38,49.0
458,38,76.0
459,38,195.0
460,38,127.0
461,38,120.0
462,38,146.0
463,38,142.0
464,38,117.0
465,38,142.0
466,38,47.0
467,38,82.0
468,38,83.0
470,38,139.0
471,38,185.0
472,38,69.0
473,38,105.0
474,38,56.0
475,38,137.0
476,38,351.0
477,38,142.0
478,38,104.0
479,38,27.0
480,38,197.0
481,38,130.0
482,38,115.0
484,38,108.0
485,38,318.0
487,38,100.0
488,38,66.0
489,38,338.0
490,38,26.0
494,38,105.0
495,38,92.0
497,38,89.0
498,38,144.0
499,38,112.0
500,38,367.0
501,38,96.0
502,38,32.0
503,38,20.0
504,38,154.875717017
506,38,280.831739962
507,38,93.0
508,38,56.0
509,38,109.0
510,38,13.0
511,38,137.0
513,38,104.0
514,38,114.722753346
515,38,79.588910134
516,38,357.0
517,38,592.0
518,38,49.0
519,38,112.332695985
520,38,38.0
521,38,98.0
522,38,109.0
523,38,146.0
524,38,82.93499044
525,38,186.0
526,38,884.321223709
527,38,104.923518164
530,38,386.0
531,38,338.671128107
532,38,112.0
534,38,90.0
535,38,120.0
536,38,718.0
537,38,114.0
538,38,85.086042065
540,38,125.478011472
542,38,143.0
544,38,86.0
545,38,92.0
546,38,77.915869981
547,38,68.594646272
548,38,87.715105163
549,38,592.017208413
550,38,251.0
551,38,61.0
552,38,337.0
553,38,47.0
555,38,192.0
556,38,88.0
558,38,55.0
559,38,111.0
560,38,25.0
562,38,34.0
563,38,35.0
564,38,45.0
565,38,37.0
566,38,32.0
567,38,33.0
568,38,284.0
569,38,31.0
570,38,34.0
571,38,123.0
572,38,42.0
573,38,26.0
574,38,902.0
575,38,290.630975143
577,38,68.0
578,38,25.0
579,38,36.0
580,38,210.086042065
581,38,80.544933078
582,38,103.250478011
583,38,39.674952199
584,38,106.118546845
585,38,211.281070746
586,38,240.200764818
587,38,113.527724665
588,38,81.978967495
589,38,156.309751434
590,38,118.78585086
591,38,318.116634799
592,38,69.31166348
593,38,110.898661568
594,38,70.506692161
595,38,114.244741874
596,38,146.510516252
597,38,81.978967495
598,38,90.34416826
599,38,165.391969407
600,38,225.382409178
602,38,93.212237094
604,38,84.13001912
605,38,884.321223709
606,38,62.141491396
608,38,86.281070746
609,38,86.281070746
610,38,252.629063098
611,38,113.288718929
612,38,86.759082218
613,38,83.652007648
614,38,118.068833652
615,38,305.927342256
616,38,249.521988528
617,38,81.978967495
618,38,85.803059273
619,38,107.552581262
620,38,884.321223709
622,38,884.321223709
624,38,213.0
625,38,130.0
630,38,250.239005736
631,38,444.550669216
632,38,48.2791587
633,38,361.137667304
634,38,96.5583174
638,38,30.0
639,38,231.596558317
640,38,250.0
641,38,207.456978967
642,38,262.667304015
643,38,334.369024857
644,38,400.095602294
645,38,19.598470363
646,38,275.095602294
647,38,152.963671128
648,38,117.112810707
649,38,116.395793499
650,38,165.391969407
651,38,548.757170172
653,38,483.508604207
654,38,326.0
655,38,179.732313576
656,38,71.940726577
660,38,276.768642447
662,38,347.036328872
663,38,477.294455067
664,38,712.23709369
667,38,724.187380497
669,38,149.378585086
670,38,405.592734226
671,38,310.229445507
672,38,125.478011472
673,38,122.131931166
674,38,254.541108987
677,38,161.567877629
679,38,434.990439771
680,38,374.521988528
681,38,271.271510516
682,38,174.713193117
683,38,350.621414914
684,38,353.96749522
685,38,0.239005736
687,38,57.839388145
691,38,182.839388145
692,38,72.657743786
695,38,312.858508604
697,38,392.686424474
698,38,523.900573614
699,38,354.206500956
700,38,339.388145315
702,38,428.059273423
703,38,875.478011472
704,38,882.648183556
706,38,884.321223709
707,38,372.370936902
709,38,535.850860421
710,38,60.229445507
711,38,365.439770554
712,38,69.072657744
713,38,64.292543021
714,38,51.864244742
716,38,57.122370937
717,38,167.304015296
718,38,76.481835564
721,38,426.0
722,38,264.0
723,38,96.0
724,38,397.0
725,38,413.0
726,38,89.0
728,38,206.0
729,38,303.0
732,38,226.0
733,38,218.0
734,38,306.0
736,38,78.0
738,38,315.0
739,38,577.0
740,38,145.0
742,38,222.0
743,38,28.0
744,38,387.0
745,38,490.0
746,38,489.0
747,38,518.0
748,38,37.0
749,38,99.0
750,38,353.250478011
751,38,85.0
752,38,333.0
753,38,330.0
755,38,130.0
756,38,31.0
757,38,268.0
758,38,325.0
759,38,105.0
760,38,285.0
761,38,43.499043977
762,38,173.0
763,38,134.0
764,38,125.0
765,38,376.0
766,38,342.0
768,38,257.0
769,38,244.0
770,38,357.791586998
771,38,358.0
772,38,155.0
773,38,294.0
774,38,160.0
775,38,247.0
776,38,389.0
777,38,196.0
781,38,114.48374761
783,38,271.0
786,38,44.0
787,38,337.0
788,38,171.367112811
789,38,178.0
791,38,32.0
792,38,79.0
795,38,157.0
796,38,594.0
798,38,884.0
800,38,884.0
801,38,884.0
802,38,884.0
803,38,299.0
804,38,884.0
805,38,494.0
807,38,237.0
808,38,884.0
809,38,100.0
810,38,354.0
811,38,290.0
813,38,95.0
814,38,25.0
815,38,212.0
816,38,79.0
817,38,213.0
819,38,99.0
820,38,153.0
822,38,392.0
823,38,40.0
824,38,134.0
825,38,400.0
826,38,353.0
829,38,275.0
830,38,249.0
831,38,257.0
834,38,390.0
835,38,213.0
836,38,257.170172084
837,38,208.652007648
838,38,236.0
839,38,266.0
840,38,418.0
841,38,370.0
842,38,265.0
843,38,243.0
844,38,367.0
845,38,274.0
846,38,291.0
848,38,462.0
849,38,2.0
851,38,52.58126195
852,38,413.0
853,38,41.347992352
855,38,119.0
856,38,225.0
858,38,229.0
859,38,335.0
860,38,219.0
861,38,20.0
862,38,84.0
863,38,361.0
864,38,275.0
866,38,176.0
867,38,381.0
869,38,411.0
870,38,479.0
871,38,321.0
872,38,270.793499044
874,38,177.0
876,38,175.0
877,38,88.0
666,39,99.899
751,39,72.572
682,39,71.871
692,39,59.359
579,39,25.125
131,39,19.1219
485,39,18.918
716,39,17.8217
332,39,16.616
38,39,16.0416
119,39,14.8514
40,39,14.5614
86,39,14.3614
61,39,14.0814
776,39,13.913
538,39,13.413
631,39,12.8112
171,39,12.612
13,39,12.5612
122,39,12.112
19,39,12.0312
183,39,11.7411
367,39,11.111
679,39,10.771
112,39,10.71
707,39,10.71
506,39,10.41
633,39,10.371
125,39,9.989
759,39,9.99
167,39,9.639
275,39,9.559
509,39,9.049
718,39,8.698
270,39,8.58
82,39,8.228
877,39,8.128
39,39,8.048
711,39,8.038
714,39,7.957
165,39,7.957
124,39,7.877
549,39,7.657
67,39,7.627
788,39,7.277
564,39,7.27
671,39,7.157
68,39,7.087
700,39,7.077
137,39,6.956
42,39,6.856
245,39,6.846
841,39,6.696
396,39,6.616
159,39,6.536
346,39,6.56
722,39,6.56
274,39,6.436
739,39,6.46
490,39,6.236
463,39,6.196
85,39,6.156
170,39,6.056
374,39,5.955
757,39,5.95
43,39,5.875
322,39,5.865
575,39,5.795
74,39,5.785
179,39,5.635
63,39,5.455
205,39,5.455
664,39,5.35
16,39,5.235
206,39,5.225
725,39,5.195
514,39,5.065
867,39,4.94
333,39,4.84
745,39,4.84
66,39,4.784
387,39,4.74
750,39,4.74
288,39,4.654
562,39,4.564
121,39,4.534
243,39,4.54
762,39,4.44
133,39,4.34
386,39,4.294
416,39,4.264
836,39,4.254
796,39,4.154
546,39,4.144
144,39,4.094
5,39,4.044
553,39,4.034
406,39,3.993
518,39,3.983
11,39,3.953
334,39,3.943
538,1,1300.0
65,39,400.0
12,39,300.0
787,39,3.93
376,1,600.0
376,39,500.0
590,1,4300.0
590,39,1300.0
580,1,13000.0
580,39,9600.0
57,39,400.0
71,1,200.0
71,39,1100.0
21,39,500.0
174,39,500.0
130,39,2800.0
549,1,21400.0
682,1,1900.0
795,39,3.83
505,39,3.83
298,1,100.0
298,39,200.0
92,39,1100.0
127,1,44700.0
127,39,6800.0
237,1,200.0
237,39,1600.0
140,39,3.793
671,1,20800.0
31,1,400.0
31,39,700.0
563,39,3.773
839,39,3.763
147,39,600.0
344,1,900.0
344,39,1000.0
193,39,200.0
79,39,1800.0
544,39,3.743
837,1,5200.0
837,39,2000.0
101,39,3.723
677,1,200.0
677,39,900.0
582,1,4000.0
582,39,1100.0
631,1,22000.0
301,39,3.73
531,1,13000.0
531,39,9600.0
506,1,4000.0
34,1,300.0
34,39,700.0
526,1,300.0
526,39,1300.0
98,39,2600.0
158,39,900.0
368,39,3.643
575,1,2300.0
88,39,1000.0
585,1,10300.0
585,39,7400.0
749,39,3.633
198,39,800.0
97,39,3.623
200,39,400.0
707,1,3400.0
710,1,1800.0
710,39,700.0
840,39,3.63
706,1,100000.0
709,39,3.63
64,39,700.0
23,39,500.0
330,39,300.0
331,39,600.0
709,1,19300.0
54,39,300.0
8,39,3.543
270,1,900.0
669,1,18600.0
669,39,600.0
660,1,23100.0
660,39,1900.0
135,39,1600.0
175,39,3.53
664,1,52300.0
655,39,3.483
37,39,3.453
24,39,3.433
374,1,100.0
624,1,23800.0
624,39,1400.0
186,39,3.43
149,39,200.0
744,39,3.43
836,1,1900.0
81,39,700.0
347,39,3.393
483,39,3.393
293,39,3.383
352,39,3.363
199,39,3.363
702,1,16500.0
702,39,700.0
641,1,11000.0
641,39,900.0
760,39,3.323
634,1,7700.0
634,39,800.0
399,39,3.323
5,1,200.0
592,1,300.0
592,39,1100.0
439,1,1200.0
439,39,1200.0
712,1,4100.0
712,39,800.0
684,1,100.0
684,39,1300.0
151,39,600.0
256,1,300.0
256,39,300.0
408,39,3.283
395,1,600.0
395,39,700.0
465,39,3.263
141,39,700.0
126,39,3.253
851,1,400.0
851,39,1300.0
150,39,500.0
245,1,400.0
534,39,3.243
789,39,3.223
381,39,3.223
704,1,99800.0
595,1,3000.0
595,39,1200.0
381,1,49300.0
619,1,4800.0
619,39,1000.0
746,39,3.23
297,1,2700.0
297,39,1100.0
22,39,2300.0
375,1,15600.0
375,39,1100.0
307,39,3.183
527,1,2400.0
527,39,1000.0
514,1,3000.0
126,1,4200.0
334,38,621.0
334,2,15600.0
334,1,9300.0
334,4,2700.0
334,3,700.0
148,39,3.133
593,1,2700.0
593,39,800.0
598,1,1500.0
598,39,2700.0
224,39,3.13
770,1,1200.0
770,39,300.0
8,1,500.0
515,1,600.0
515,39,1200.0
456,1,1500.0
456,39,5200.0
363,1,500.0
363,39,600.0
674,39,3.053
773,39,3.053
432,39,3.043
588,1,1000.0
588,39,1300.0
83,1,400.0
83,39,300.0
208,39,3.023
392,39,1200.0
49,39,400.0
58,39,400.0
58,1,200.0
608,1,300.0
608,39,500.0
449,1,500.0
449,39,1600.0
795,1,1800.0
275,1,17100.0
586,1,1200.0
586,39,3600.0
540,1,4000.0
540,39,1000.0
583,1,1300.0
583,39,1500.0
653,1,20900.0
653,39,800.0
472,39,2.972
700,1,13800.0
99,39,500.0
781,39,2.942
680,1,1500.0
680,39,4500.0
45,1,2700.0
45,39,1000.0
584,1,14000.0
584,39,6200.0
713,1,3600.0
713,39,800.0
440,39,2.912
47,39,2600.0
654,39,2.92
4,39,700.0
747,39,2.92
317,1,500.0
317,39,1100.0
33,39,1000.0
341,39,1800.0
289,39,2.882
683,1,900.0
683,39,100.0
589,1,8900.0
589,39,1300.0
587,1,5200.0
587,39,1800.0
673,39,2.862
547,1,500.0
547,39,1200.0
379,1,10000.0
379,39,1000.0
594,1,400.0
594,39,1300.0
398,1,1500.0
398,39,500.0
69,39,400.0
334,5,300.0
714,1,500.0
672,1,9400.0
672,39,4100.0
372,39,2.82
28,1,100.0
28,39,600.0
644,1,1000.0
644,39,2200.0
504,1,9200.0
504,39,5900.0
483,38,549.0
483,2,15300.0
483,1,7800.0
483,4,3000.0
402,1,200.0
402,39,1100.0
632,1,1600.0
632,39,800.0
733,39,2.762
630,1,5800.0
630,39,1400.0
728,39,2.752
53,39,300.0
103,1,400.0
103,39,400.0
405,1,300.0
405,39,500.0
320,39,2.732
76,39,500.0
524,1,600.0
524,39,1200.0
287,1,12600.0
287,39,3100.0
853,39,1100.0
336,39,2.712
36,1,100.0
36,39,600.0
180,39,2.72
274,1,2900.0
600,1,15500.0
600,39,1400.0
56,39,200.0
369,39,2.692
106,39,300.0
302,39,2.692
328,39,600.0
663,1,26500.0
663,39,1300.0
872,1,70600.0
872,39,2000.0
681,39,2500.0
681,1,500.0
25,39,2.642
444,1,400.0
444,39,1200.0
729,39,2.632
691,1,11600.0
691,39,1000.0
464,39,2.622
685,39,100.0
717,1,4600.0
717,39,8400.0
687,1,2600.0
687,39,600.0
118,39,2300.0
848,39,2.62
679,1,27000.0
181,39,1000.0
138,39,2.592
834,39,2.582
698,1,30000.0
698,39,2000.0
427,1,100.0
427,39,700.0
560,39,2.572
870,39,2.572
370,39,2.542
566,39,2.52
460,39,2.52
252,1,200.0
252,39,800.0
169,39,2.52
605,1,100000.0
41,39,500.0
128,39,800.0
129,39,1000.0
674,1,21700.0
461,39,2.472
18,39,1800.0
44,1,75200.0
44,39,1400.0
369,1,3000.0
138,1,68400.0
655,1,6100.0
752,39,2.432
7,1,400.0
7,39,800.0
152,39,200.0
154,39,1500.0
546,1,1100.0
695,39,2.42
697,1,23500.0
697,39,2200.0
156,39,500.0
450,39,2.382
500,39,2.372
32,39,900.0
742,39,2.332
842,39,2.322
611,1,2000.0
611,39,1400.0
602,1,1500.0
602,39,2700.0
612,1,900.0
612,39,1000.0
610,1,1100.0
610,39,1200.0
597,1,1400.0
597,39,1300.0
95,39,600.0
48,39,1400.0
609,1,700.0
609,39,1200.0
326,39,2.272
858,39,2.272
441,39,2.262
673,1,3100.0
649,39,1200.0
732,39,2.252
246,39,2.232
568,39,2.212
613,1,200.0
613,39,900.0
843,39,2.22
548,1,1600.0
548,39,1200.0
711,1,800.0
740,39,2.22
290,39,2.192
667,1,81400.0
667,39,1000.0
525,39,2.182
761,1,2400.0
761,39,1600.0
404,39,2.142
581,1,800.0
581,39,1200.0
604,1,1000.0
604,39,1400.0
178,39,1100.0
390,39,2.112
599,1,34500.0
599,39,7300.0
157,39,400.0
670,39,2000.0
838,39,2.12
703,1,99000.0
459,39,2.072
743,39,2.042
805,39,2.032
704,39,100.0
164,39,1100.0
614,1,2600.0
614,39,1200.0
285,1,300.0
285,39,3200.0
616,1,600.0
616,39,24500.0
620,1,100000.0
718,1,4200.0
171,1,300.0
781,1,2400.0
692,1,1500.0
522,39,1.961
662,39,5800.0
736,39,1.951
537,39,1.951
194,1,1200.0
194,39,300.0
864,39,1.951
831,39,1.931
622,1,100000.0
499,39,1.921
648,39,1200.0
366,39,1.921
617,1,1000.0
617,39,1300.0
699,1,900.0
699,39,200.0
494,39,1.91
519,39,800.0
815,39,1.91
656,1,1800.0
656,39,1000.0
829,39,1.91
846,39,1.91
105,39,300.0
633,1,13800.0
153,39,1.91
876,39,1.891
268,39,100.0
471,39,1.881
596,1,7800.0
596,39,1300.0
454,1,3300.0
454,39,1500.0
327,39,1.871
567,1,1500.0
567,39,1800.0
591,1,27800.0
591,39,2400.0
495,39,1.871
734,39,1.871
286,39,1.851
871,39,1.831
820,39,1.821
296,39,1.811
422,39,1.81
70,39,1.81
362,39,1.81
845,39,1.81
835,39,1.81
453,39,1.791
283,39,1.781
532,39,1.781
242,39,1.781
489,39,1.781
280,39,1.771
113,39,1.761
738,39,1.741
388,39,1.731
498,39,1.711
445,39,1.71
536,39,1.71
508,39,1.71
807,39,1.71
822,39,1.71
480,39,1.691
394,39,1.681
338,39,1.671
755,39,1.661
863,39,1.651
397,39,1.641
859,39,1.631
478,39,1.621
295,39,1.61
351,39,1.61
803,39,1.61
830,39,1.61
73,39,1.591
434,39,1.591
545,39,1.591
756,39,1.581
380,39,1.571
874,39,1.561
824,39,1.551
403,39,1.551
414,39,1.551
473,39,1.551
319,39,1.541
507,39,1.541
817,39,1.531
294,39,1.531
470,39,1.531
462,39,1.531
516,39,1.531
535,39,1.521
816,39,1.521
308,39,1.511
766,39,1.511
721,39,1.51
312,39,1.51
115,39,1.471
318,39,1.461
413,39,1.461
521,39,1.451
424,39,1.451
26,39,1.441
862,39,1.441
484,39,1.441
177,39,1.431
291,39,1.421
377,39,1.411
487,39,1.411
497,39,1.411
523,39,1.41
625,39,1.41
819,39,1.391
481,39,1.391
371,39,1.381
357,39,1.381
350,39,1.371
142,39,1.361
501,39,1.361
571,39,1.361
438,39,1.351
418,39,1.341
299,39,1.331
309,39,1.331
555,39,1.321
866,39,1.31
491,39,1.281
329,39,1.281
284,39,1.261
378,39,1.251
753,39,1.251
792,39,1.241
321,39,1.231
430,39,1.221
542,39,1.211
345,39,1.21
339,39,1.21
726,39,1.21
860,39,1.191
638,39,1.171
423,39,1.141
723,39,1.141
323,39,1.131
360,39,1.121
810,39,1.111
314,39,1.111
337,39,1.11
355,39,1.11
458,39,1.081
844,39,1.081
417,39,1.061
409,39,1.041
578,39,1.031
303,39,1.021
17,39,0.98
503,39,0.96
389,39,0.94
855,39,0.91
565,39,0.91
437,39,0.9
281,39,0.9
467,39,0.9
724,39,0.9
510,39,0.89
869,39,0.87
856,39,0.76
488,39,0.7
117,39,0.69
448,39,0.65
765,39,0.62
813,39,0.57
502,39,0.55
556,39,0.54
569,39,0.53
457,39,0.51
203,39,0.5
442,39,0.5
468,39,0.5
145,39,0.48
55,39,0.48
162,39,0.48
651,39,0.46
786,39,0.44
146,39,0.42
479,39,0.41
325,39,0.4
559,39,0.4
814,39,0.39
558,39,0.38
809,39,0.38
645,39,0.37
791,39,0.35
410,39,0.3
520,39,0.3
764,39,0.3
758,39,0.3
640,39,0.27
195,39,0.26
426,39,0.26
823,39,0.26
804,39,0.25
234,39,0.23
282,39,0.2
411,39,0.16
192,39,0.15
771,39,0.11
573,39,0.1
808,39,0.03
605,39,0.01
646,39,0.01
639,39,0.01
939,1,9250.0
940,1,9250.0
939,2,19600.0
940,2,19600.0
939,3,6300.0
940,3,6300.0
939,4,2000.0
940,4,2000.0
939,5,55800.0
940,5,55800.0
939,11,2.0
940,11,2.0
939,15,25.0
940,15,25.0
939,20,1.0
940,20,1.0
939,21,3.0
940,21,3.0
939,38,229.684512428
940,38,229.684512428
939,39,7000.0
940,39,7000.0
59,4,15400.0
59,5,19800.0
59,11,34.0
59,13,15.0
59,15,40.0
59,20,2.0
59,21,15.0
59,24,1.0
59,31,26.0
59,38,396.749521989
59,39,400.0
1019,2,9300.0
1019,3,44200.0
1019,4,6100.0
1019,5,4100.0
1019,7,3.0
1019,9,46.0
1019,10,2.0
1019,11,10.0
1019,12,2.0
1019,13,4177.0
1019,14,82.0
1019,15,195.0
1019,16,8.0
1019,18,78.0
1019,20,511.0
1019,21,52.0
1019,23,2.0
1019,24,3.0
1019,25,9.0
1019,27,4.0
1019,28,2.0
1019,29,1.0
1019,31,10.0
1019,32,3.0
1019,34,1.0
1019,35,4.0
1019,36,2.0
1019,37,8.0
1019,38,279.158699809
1019,39,4.314
1019,1,6100.0
1022,4,99900.0
1022,31,7380.0
1022,38,883.365200765
1022,1,99900.0
638,11,125.0
638,12,2.0
638,13,66.0
638,24,46.0
638,25,6.0
505,2,22810.0
505,3,4210.0
505,4,880.0
505,5,500.0
505,11,84.0
505,15,409.0
505,20,270.0
505,21,17.0
505,29,17.0
505,36,4.0
505,38,116.0
505,1,1800.0
85,25,2.0
85,33,1.0
85,34,1.0
